SK_ID_CURR,AMT_INCOME_TOTAL,AMT_CREDIT,AMT_ANNUITY,CNT_FAM_MEMBERS,DAYS_BIRTH,DAYS_EMPLOYED,DAYS_REGISTRATION,DAYS_ID_PUBLISH
156823,270000.0,473760.0,56223.0,5.0,-10064.0,-365.0,-122.0,-2746.0
254706,171000.0,386977.5,18949.5,2.0,-15462.0,-512.0,-5.0,-4665.0
105693,157500.0,254700.0,20119.5,2.0,-20639.0,-1023.0,-2408.0,-510.0
356307,225000.0,1125000.0,32895.0,4.0,-16223.0,-1201.0,-2708.0,-2813.0
164686,90000.0,135000.0,6750.0,3.0,-11627.0,-812.0,-3859.0,-2305.0
112205,90000.0,157500.0,9171.0,3.0,-9600.0,-686.0,-4243.0,-769.0
432041,171000.0,814041.0,23931.0,3.0,-11186.0,-1458.0,-6805.0,-1281.0
250865,135000.0,199080.0,12852.0,1.0,-9373.0,-366.0,-8977.0,-2035.0
149712,270000.0,1288350.0,41692.5,2.0,-10213.0,-3217.0,-2193.0,-2890.0
154636,225000.0,566055.0,16681.5,3.0,-21623.0,-4460.0,-14167.0,-4533.0
289740,180000.0,785398.5,35622.0,2.0,-15477.0,-871.0,-3539.0,-5526.0
360639,180000.0,1525482.0,42079.5,2.0,-18504.0,-2162.0,-4552.0,-2045.0
343488,180000.0,539100.0,29245.5,1.0,-16846.0,-476.0,-5933.0,-383.0
222142,225000.0,1195101.0,63805.5,3.0,-12402.0,-3689.0,-5456.0,-3173.0
378402,112500.0,1125000.0,47794.5,2.0,-21848.0,365243.0,-5736.0,-4074.0
138760,225000.0,1288350.0,37800.0,2.0,-20234.0,-6427.0,-9072.0,-3446.0
234997,87750.0,152820.0,16344.0,2.0,-18038.0,-1648.0,-1367.0,-1378.0
211604,270000.0,495000.0,24750.0,3.0,-21994.0,-4275.0,-4052.0,-4115.0
320716,135000.0,202500.0,10125.0,2.0,-16324.0,-1823.0,-4490.0,-4004.0
270465,360000.0,1183963.5,34749.0,3.0,-15490.0,-2406.0,-236.0,-4115.0
339092,90000.0,356580.0,35397.0,1.0,-18943.0,-3775.0,-8037.0,-2460.0
330117,135000.0,440784.0,34956.0,3.0,-12789.0,-2818.0,-2382.0,-4583.0
251184,180000.0,712858.5,34425.0,2.0,-8835.0,-1577.0,-1844.0,-1517.0
387119,112500.0,343800.0,16155.0,1.0,-8801.0,-464.0,-247.0,-1466.0
207280,112500.0,331110.0,34897.5,3.0,-8798.0,-266.0,-8798.0,-1124.0
381274,112500.0,916470.0,29565.0,2.0,-14104.0,-483.0,-3996.0,-4745.0
192311,135000.0,86598.0,10404.0,1.0,-14500.0,-2271.0,-3978.0,-5045.0
207258,90000.0,269550.0,18234.0,2.0,-11113.0,-1320.0,-1147.0,-1254.0
201214,90000.0,270000.0,13500.0,1.0,-8557.0,-157.0,-2211.0,-1181.0
384849,135000.0,229500.0,24228.0,2.0,-14935.0,-2866.0,-9054.0,-4553.0
312826,225000.0,252000.0,16839.0,1.0,-21716.0,365243.0,-9727.0,-4032.0
298683,135000.0,270000.0,13500.0,2.0,-17582.0,-6394.0,-9328.0,-1142.0
249490,90000.0,432567.0,29389.5,2.0,-20128.0,-541.0,-7117.0,-3673.0
433678,283500.0,314100.0,15241.5,2.0,-24311.0,365243.0,-7363.0,-4270.0
260993,121500.0,679500.0,37939.5,3.0,-11637.0,-2010.0,-3953.0,-4188.0
446323,157500.0,454455.0,21316.5,5.0,-15341.0,-3816.0,-5894.0,-5893.0
128876,144000.0,296280.0,17136.0,4.0,-12340.0,-3053.0,-1887.0,-4245.0
432179,112500.0,106974.0,11362.5,1.0,-23117.0,365243.0,-10527.0,-4561.0
377956,126000.0,604152.0,25726.5,2.0,-22755.0,365243.0,-6060.0,-4927.0
174037,90000.0,346968.0,27540.0,2.0,-8909.0,-103.0,-3200.0,-1599.0
273980,126000.0,277969.5,18225.0,4.0,-13250.0,-3039.0,-6639.0,-1340.0
387757,72000.0,202500.0,10125.0,4.0,-12137.0,-4323.0,-5241.0,-3962.0
372759,121500.0,270000.0,13500.0,2.0,-15393.0,-7835.0,-7838.0,-4305.0
385087,99000.0,755190.0,36459.0,4.0,-9871.0,-179.0,-2673.0,-2411.0
104527,90000.0,135000.0,6750.0,1.0,-18065.0,-2947.0,-6188.0,-1605.0
390911,247500.0,675000.0,24930.0,1.0,-11097.0,-1294.0,-11097.0,-3694.0
120531,117000.0,321574.5,21618.0,4.0,-12478.0,-493.0,-6394.0,-4124.0
125843,225000.0,252000.0,14593.5,1.0,-22841.0,365243.0,-9239.0,-3946.0
122276,148500.0,135000.0,6750.0,2.0,-8716.0,-691.0,-2450.0,-1314.0
207512,180000.0,1256400.0,33273.0,2.0,-13198.0,-3265.0,-5216.0,-3786.0
355838,121500.0,900000.0,33354.0,2.0,-12107.0,-3237.0,-2423.0,-3307.0
100329,135000.0,247275.0,17716.5,2.0,-19997.0,-645.0,-2391.0,-3399.0
411355,150691.5,1147500.0,36031.5,3.0,-11950.0,-2270.0,-3872.0,-4593.0
202063,67500.0,225000.0,11488.5,1.0,-20452.0,365243.0,-5467.0,-3977.0
199474,450000.0,202500.0,10125.0,2.0,-15331.0,-2460.0,-4314.0,-609.0
150426,162900.0,219870.0,12055.5,4.0,-14613.0,-1141.0,-3406.0,-4905.0
222521,121500.0,728460.0,44694.0,2.0,-11510.0,-2787.0,-539.0,-1647.0
150603,49500.0,194076.0,10291.5,2.0,-23334.0,365243.0,-9612.0,-4039.0
400340,342000.0,1441602.0,51912.0,2.0,-21744.0,365243.0,-7068.0,-2791.0
153912,189000.0,1381113.0,38110.5,1.0,-16484.0,-705.0,-5655.0,-22.0
246307,247500.0,490536.0,22995.0,2.0,-18969.0,-155.0,-7121.0,-2491.0
325544,157500.0,180000.0,9000.0,1.0,-13971.0,-1695.0,-13971.0,-3529.0
341816,247500.0,675000.0,41427.0,3.0,-14883.0,-1125.0,-2779.0,-1969.0
268016,135000.0,1381113.0,36562.5,1.0,-11075.0,-2581.0,-5169.0,-3576.0
186334,90000.0,619965.0,20128.5,2.0,-16006.0,-3343.0,-2024.0,-4266.0
391936,337500.0,508495.5,21672.0,2.0,-18110.0,-6764.0,-1245.0,-1535.0
209722,148500.0,454500.0,21865.5,2.0,-10637.0,-432.0,-4755.0,-3298.0
331689,225000.0,270000.0,13500.0,3.0,-10312.0,-1453.0,-6913.0,-2030.0
222990,418500.0,419679.0,33286.5,1.0,-11126.0,-601.0,-996.0,-642.0
387677,225000.0,891072.0,42997.5,4.0,-15211.0,-2802.0,-7719.0,-4417.0
248490,157500.0,135000.0,6624.0,2.0,-18675.0,-10976.0,-3977.0,-2200.0
397595,130500.0,755190.0,30078.0,2.0,-14479.0,-236.0,-4662.0,-4425.0
155963,67500.0,225000.0,22383.0,2.0,-24869.0,365243.0,-4216.0,-4639.0
407078,292500.0,900000.0,45000.0,2.0,-19143.0,-4694.0,-3711.0,-2503.0
339737,225000.0,292500.0,14625.0,1.0,-23111.0,365243.0,-6369.0,-3989.0
293212,99000.0,284985.0,12204.0,2.0,-22324.0,365243.0,-7614.0,-4137.0
252749,112500.0,90000.0,9031.5,1.0,-18024.0,-2779.0,-8917.0,-1558.0
230372,41850.0,253737.0,14296.5,1.0,-21473.0,365243.0,-12145.0,-4096.0
210669,900000.0,790830.0,57546.0,4.0,-19992.0,-1426.0,-444.0,-3195.0
203661,540000.0,1586713.5,49950.0,2.0,-16348.0,-227.0,-7766.0,-5337.0
371792,202500.0,135000.0,6750.0,1.0,-17686.0,-8479.0,-8421.0,-1245.0
252279,161244.0,810000.0,31693.5,3.0,-10244.0,-1334.0,-1102.0,-2636.0
375101,157500.0,1288350.0,37800.0,2.0,-20436.0,-3850.0,-4479.0,-2006.0
417848,337500.0,454500.0,27805.5,1.0,-19651.0,-1837.0,-6783.0,-3199.0
121829,202500.0,1024740.0,52452.0,3.0,-15451.0,-710.0,-3866.0,-4731.0
165898,157500.0,679500.0,45724.5,3.0,-13937.0,-2074.0,-609.0,-166.0
377234,261000.0,1903023.0,50328.0,2.0,-19034.0,-1733.0,-10989.0,-2558.0
432869,117000.0,942300.0,27679.5,3.0,-19582.0,-2818.0,-7102.0,-3049.0
122007,337500.0,1237500.0,61875.0,4.0,-14122.0,-4717.0,-8241.0,-4841.0
323939,225000.0,675000.0,25839.0,4.0,-15562.0,-5256.0,-653.0,-4815.0
356485,103500.0,263686.5,27148.5,2.0,-20916.0,365243.0,-4514.0,-4459.0
292570,225000.0,540000.0,27702.0,3.0,-10963.0,-1918.0,-10932.0,-3425.0
152572,112500.0,86598.0,8563.5,1.0,-24592.0,365243.0,-14504.0,-4468.0
225197,202500.0,848745.0,36090.0,2.0,-18753.0,-3710.0,-7888.0,-2289.0
271191,162000.0,343800.0,16852.5,2.0,-15185.0,-2572.0,-4892.0,-4718.0
404817,198000.0,370107.0,13846.5,1.0,-22402.0,-9946.0,-9719.0,-4566.0
254336,292500.0,1227901.5,46129.5,1.0,-20282.0,-3549.0,-523.0,-3835.0
449175,225000.0,518562.0,25078.5,1.0,-16072.0,-338.0,-433.0,-5640.0
210027,67500.0,233208.0,13149.0,2.0,-17478.0,-240.0,-1185.0,-1032.0
357159,108000.0,248760.0,26248.5,2.0,-12464.0,-1505.0,-4323.0,-4228.0
242306,90000.0,263686.5,14854.5,2.0,-21321.0,-10002.0,-9019.0,-4547.0
341500,157500.0,797557.5,26487.0,4.0,-12429.0,-1422.0,-2002.0,-750.0
432854,112500.0,225000.0,15219.0,2.0,-20071.0,-2208.0,-5720.0,-3570.0
229770,180000.0,1078200.0,31653.0,2.0,-14370.0,-3965.0,-8445.0,-3101.0
294533,126000.0,1288350.0,37800.0,2.0,-19296.0,-3350.0,-8879.0,-2835.0
249745,126000.0,545040.0,25407.0,2.0,-15395.0,-7313.0,-9502.0,-4316.0
304458,94500.0,355536.0,15192.0,2.0,-20543.0,365243.0,-913.0,-3563.0
268135,103500.0,1053000.0,30919.5,3.0,-16416.0,-3450.0,-8359.0,-4480.0
365594,292500.0,1381113.0,39712.5,2.0,-15867.0,-746.0,-1254.0,-1378.0
350386,305100.0,1228500.0,40729.5,1.0,-13568.0,-715.0,-5187.0,-4736.0
155913,116424.0,1762110.0,44676.0,4.0,-11344.0,-2332.0,-4292.0,-3010.0
111235,67500.0,180000.0,12028.5,4.0,-11883.0,-2352.0,-3668.0,-3661.0
114847,135000.0,72000.0,5652.0,2.0,-13799.0,-3178.0,-674.0,-5279.0
299416,225000.0,856111.5,81414.0,2.0,-15089.0,-5073.0,-2632.0,-4490.0
337655,157500.0,545040.0,36553.5,1.0,-11605.0,-1844.0,-6816.0,-3307.0
155161,171000.0,607500.0,17892.0,1.0,-18846.0,-2548.0,-118.0,-2371.0
256860,81000.0,972000.0,32251.5,3.0,-11083.0,-1499.0,-196.0,-1131.0
209912,81000.0,130644.0,6219.0,2.0,-10339.0,-1670.0,-4293.0,-2720.0
184412,80100.0,157500.0,7875.0,2.0,-18861.0,-8794.0,-6226.0,-2410.0
397946,90000.0,1013508.0,29632.5,2.0,-11642.0,-3824.0,-1189.0,-2445.0
332915,81000.0,450000.0,35685.0,4.0,-12420.0,-2490.0,-6229.0,-2569.0
114797,180000.0,1762110.0,48456.0,3.0,-11662.0,-2503.0,-996.0,-3501.0
252081,247500.0,477000.0,37044.0,3.0,-9835.0,-2582.0,-1966.0,-1966.0
389276,67500.0,594121.5,25299.0,3.0,-13094.0,-3454.0,-5526.0,-116.0
171345,112500.0,675000.0,24930.0,2.0,-19399.0,-262.0,-7085.0,-2940.0
375928,175500.0,225000.0,16371.0,2.0,-13308.0,-6429.0,-664.0,-4395.0
163873,135000.0,1318500.0,38682.0,2.0,-13895.0,-6491.0,-1098.0,-4713.0
361211,145350.0,286704.0,17455.5,2.0,-20261.0,-2475.0,-10316.0,-1775.0
343039,157500.0,450000.0,21109.5,2.0,-17118.0,-1993.0,-9535.0,-673.0
136191,225000.0,675000.0,18693.0,4.0,-11542.0,-740.0,-5402.0,-2126.0
213777,90000.0,239850.0,23494.5,1.0,-24838.0,365243.0,-10564.0,-4610.0
332436,157500.0,203760.0,20281.5,1.0,-16462.0,-984.0,-608.0,-23.0
272621,112500.0,792162.0,35023.5,1.0,-20602.0,-2214.0,-8379.0,-4145.0
280451,135000.0,808650.0,26217.0,2.0,-18846.0,-3390.0,-10922.0,-2401.0
180492,117000.0,270000.0,28363.5,4.0,-11862.0,-786.0,-431.0,-2465.0
405594,112500.0,315000.0,15750.0,2.0,-19251.0,-1953.0,-9540.0,-2778.0
172260,112500.0,202500.0,10125.0,3.0,-9853.0,-357.0,-4144.0,-1899.0
164280,202500.0,755190.0,36459.0,1.0,-13636.0,-287.0,-7658.0,-4446.0
197256,112500.0,593010.0,17469.0,1.0,-21928.0,365243.0,-7573.0,-4789.0
339503,67500.0,288873.0,14674.5,2.0,-15960.0,-932.0,-2128.0,-4356.0
448202,90000.0,592560.0,31153.5,2.0,-11657.0,-3093.0,-2342.0,-4184.0
283042,90000.0,227520.0,14670.0,2.0,-10694.0,-490.0,-454.0,-3368.0
426372,112500.0,312147.0,25155.0,3.0,-10535.0,-2052.0,-2946.0,-2951.0
148691,128695.5,284256.0,26707.5,1.0,-8935.0,-539.0,-8288.0,-1620.0
305060,135000.0,180000.0,9000.0,4.0,-9244.0,-2437.0,-3085.0,-1932.0
305007,112500.0,269550.0,11871.0,2.0,-8456.0,-1280.0,-6066.0,-1017.0
346075,225000.0,755190.0,36328.5,1.0,-12102.0,-1185.0,-1217.0,-987.0
145532,63000.0,284400.0,13387.5,3.0,-10758.0,-3525.0,-4068.0,-2210.0
214117,112500.0,157500.0,7875.0,3.0,-13251.0,-899.0,-5331.0,-5344.0
194783,99000.0,1066752.0,31320.0,2.0,-16318.0,-2509.0,-1104.0,-4709.0
379371,112500.0,156384.0,12100.5,1.0,-15557.0,-2365.0,-1711.0,-2372.0
361891,270000.0,894766.5,29569.5,2.0,-18204.0,-6107.0,-10253.0,-1756.0
436209,270000.0,454500.0,21865.5,3.0,-13259.0,-5295.0,-1436.0,-1624.0
206869,90000.0,495000.0,21933.0,2.0,-23010.0,365243.0,-1916.0,-4708.0
291229,180000.0,1563840.0,64669.5,3.0,-8829.0,-535.0,-52.0,-1493.0
107273,40500.0,312768.0,19134.0,3.0,-14978.0,-3522.0,-1917.0,-4319.0
348025,121500.0,450000.0,16294.5,1.0,-23201.0,365243.0,-6318.0,-5226.0
395738,126000.0,807984.0,43177.5,2.0,-13487.0,-2653.0,-1659.0,-5714.0
428959,112500.0,253737.0,25227.0,2.0,-12046.0,-140.0,-5618.0,-4186.0
449731,292500.0,348264.0,39424.5,2.0,-10534.0,-501.0,-6474.0,-3059.0
238351,405000.0,360000.0,35734.5,2.0,-13241.0,-1974.0,-3142.0,-3526.0
305219,90000.0,292500.0,15444.0,3.0,-13341.0,-417.0,-5271.0,-93.0
256418,49500.0,202500.0,10125.0,2.0,-19234.0,365243.0,-8441.0,-2790.0
342990,67500.0,90000.0,5152.5,1.0,-23000.0,365243.0,-16913.0,-4397.0
207553,157500.0,1006920.0,42790.5,2.0,-17606.0,-3688.0,-5615.0,-1152.0
300972,67500.0,450000.0,20979.0,2.0,-10438.0,-599.0,-582.0,-1619.0
422647,180000.0,592560.0,22090.5,2.0,-15748.0,-475.0,-806.0,-4117.0
407571,135000.0,404325.0,19579.5,1.0,-21898.0,365243.0,-3704.0,-4163.0
293448,103500.0,900000.0,23872.5,4.0,-14455.0,-2064.0,-6502.0,-4441.0
144831,112500.0,675000.0,24930.0,2.0,-21775.0,-8263.0,-5266.0,-886.0
101007,202500.0,728460.0,40675.5,1.0,-15140.0,-683.0,-6178.0,-4232.0
341325,67500.0,254700.0,14751.0,2.0,-24344.0,365243.0,-4199.0,-3801.0
406212,135000.0,544491.0,17563.5,3.0,-19516.0,-351.0,-6707.0,-615.0
166140,90000.0,438084.0,34740.0,5.0,-10690.0,-1029.0,-2535.0,-3357.0
371748,157500.0,808650.0,31464.0,2.0,-10290.0,-3063.0,-2581.0,-2581.0
149986,243000.0,450000.0,28890.0,4.0,-14389.0,-5530.0,-1646.0,-4375.0
262807,113850.0,699808.5,27751.5,1.0,-23078.0,365243.0,0.0,-3414.0
455315,180000.0,553581.0,40414.5,1.0,-9255.0,-1884.0,-2426.0,-1912.0
345362,135000.0,225000.0,11250.0,1.0,-8896.0,-681.0,-8868.0,-1575.0
355030,225000.0,337500.0,26793.0,4.0,-12115.0,-2546.0,-2552.0,-3774.0
118208,180000.0,180000.0,9000.0,2.0,-11348.0,-1395.0,-5525.0,-3863.0
196894,216000.0,239850.0,23719.5,1.0,-9930.0,-1690.0,-1160.0,-1995.0
290944,72000.0,149256.0,15291.0,3.0,-13427.0,-213.0,-7533.0,-4700.0
292941,202500.0,495000.0,18315.0,3.0,-15544.0,-965.0,-2392.0,-2383.0
341922,225000.0,450000.0,22500.0,2.0,-22459.0,365243.0,-11231.0,-4370.0
369386,112500.0,846000.0,46026.0,2.0,-21464.0,365243.0,-9520.0,-4597.0
429341,202500.0,225000.0,15349.5,1.0,-11167.0,-2467.0,-5418.0,-2462.0
233853,90000.0,562491.0,23962.5,2.0,-20755.0,-2654.0,-10008.0,-3894.0
248663,202500.0,157500.0,12573.0,3.0,-13195.0,-4927.0,-3288.0,-5013.0
406998,126000.0,539230.5,20668.5,1.0,-12762.0,-1101.0,-2507.0,-1196.0
323865,157500.0,188460.0,11515.5,2.0,-15925.0,-389.0,-10044.0,-4053.0
311608,270000.0,497520.0,33376.5,3.0,-10684.0,-647.0,-5108.0,-785.0
353869,72000.0,253737.0,14166.0,2.0,-23638.0,365243.0,-8987.0,-4744.0
221801,171000.0,536917.5,27405.0,3.0,-11021.0,-191.0,-42.0,-2208.0
155691,225000.0,180000.0,9000.0,3.0,-15409.0,-5422.0,-5428.0,-4146.0
398126,202500.0,967428.0,34402.5,2.0,-10771.0,-1685.0,-3082.0,-624.0
123142,76500.0,1062000.0,31180.5,2.0,-14774.0,-1271.0,-3110.0,-4029.0
104532,81000.0,360000.0,17640.0,3.0,-10950.0,-1010.0,-5087.0,-3525.0
365722,112500.0,270000.0,13500.0,3.0,-10776.0,-823.0,-5273.0,-541.0
219222,135000.0,1096020.0,52857.0,1.0,-10272.0,-1531.0,-4941.0,-2925.0
127312,270000.0,454500.0,24214.5,3.0,-13656.0,-1751.0,-739.0,-769.0
217789,76500.0,157500.0,12442.5,3.0,-9617.0,-231.0,-4301.0,-1831.0
184928,247500.0,288873.0,19435.5,1.0,-10264.0,-2343.0,-4183.0,-2913.0
285388,225000.0,719860.5,50229.0,2.0,-20337.0,365243.0,-9524.0,-3728.0
209667,67500.0,450000.0,23692.5,2.0,-19915.0,-497.0,-593.0,-3408.0
343000,67500.0,673875.0,21865.5,2.0,-14287.0,-2562.0,-599.0,-3996.0
263930,180000.0,697302.0,20385.0,2.0,-16212.0,-1567.0,-8329.0,-5114.0
110817,135000.0,263686.5,28525.5,3.0,-14680.0,-238.0,-3907.0,-5168.0
287845,135000.0,288873.0,19435.5,4.0,-13787.0,-2993.0,-22.0,-4414.0
209442,247500.0,497520.0,52240.5,3.0,-10406.0,-2459.0,-1400.0,-1338.0
336970,157500.0,900000.0,46084.5,3.0,-10805.0,-3162.0,-5036.0,-3202.0
372434,225000.0,1293502.5,35698.5,2.0,-18725.0,-6145.0,-7505.0,-2197.0
414197,225000.0,239850.0,22554.0,3.0,-11625.0,-457.0,-3341.0,-4127.0
141275,166500.0,2085120.0,72607.5,2.0,-14879.0,-8032.0,-9008.0,-5268.0
229587,270000.0,462694.5,30253.5,2.0,-14738.0,-177.0,-7599.0,-3021.0
431714,292500.0,509922.0,36396.0,1.0,-22218.0,-2542.0,-14820.0,-4382.0
144985,216000.0,292500.0,23238.0,2.0,-12742.0,-490.0,-3458.0,-2144.0
451921,135000.0,808650.0,26086.5,2.0,-13035.0,-1002.0,-1065.0,-676.0
377960,360000.0,521280.0,31630.5,1.0,-21823.0,365243.0,-8102.0,-5117.0
235453,112500.0,665892.0,21609.0,4.0,-12976.0,-849.0,-2425.0,-156.0
313026,225000.0,729792.0,26343.0,2.0,-17738.0,-3753.0,-5757.0,-1280.0
288782,112500.0,684000.0,20128.5,1.0,-21396.0,-2164.0,-9241.0,-4460.0
279785,270000.0,848745.0,46174.5,2.0,-13918.0,-651.0,-7732.0,-3839.0
260032,225000.0,1255680.0,41629.5,3.0,-12110.0,-986.0,-3010.0,-2305.0
238870,225000.0,1113840.0,57001.5,3.0,-13802.0,-5631.0,-3092.0,-4672.0
384132,675000.0,1042560.0,40572.0,2.0,-12930.0,-860.0,-2239.0,-4389.0
404480,76500.0,454500.0,20151.0,2.0,-17913.0,-948.0,-9022.0,-1447.0
249034,130500.0,337761.0,15651.0,3.0,-11646.0,-218.0,-1022.0,-2198.0
383367,85500.0,315000.0,33421.5,3.0,-12194.0,-2939.0,-3793.0,-3785.0
230305,225000.0,675000.0,32472.0,2.0,-13347.0,-3019.0,-7073.0,-4592.0
144605,247500.0,1006920.0,40063.5,3.0,-11082.0,-4461.0,-1576.0,-3725.0
348082,135000.0,604152.0,40536.0,3.0,-18163.0,-2841.0,-3270.0,-1700.0
378523,135000.0,906228.0,38524.5,2.0,-10675.0,-355.0,-1041.0,-3344.0
286469,45000.0,101880.0,9801.0,3.0,-21129.0,365243.0,-12341.0,-4048.0
331801,157500.0,508495.5,24592.5,5.0,-9083.0,-740.0,-7731.0,-1767.0
378770,72000.0,310671.0,11286.0,2.0,-22529.0,365243.0,-9870.0,-4086.0
405704,103500.0,180000.0,9000.0,3.0,-10952.0,-2361.0,-4819.0,-3635.0
184352,157500.0,588874.5,28773.0,4.0,-13942.0,-5493.0,-7719.0,-1153.0
212757,202500.0,860917.5,34141.5,2.0,-18777.0,-2540.0,-1620.0,-2264.0
304217,207000.0,592560.0,35937.0,4.0,-16009.0,-126.0,-6469.0,-4065.0
390462,135000.0,153576.0,8946.0,2.0,-16066.0,-234.0,-7617.0,-4060.0
228050,112500.0,1530000.0,44865.0,2.0,-17283.0,-766.0,-5903.0,-832.0
442249,202500.0,203760.0,13747.5,2.0,-11282.0,-3789.0,-4920.0,-1929.0
278639,45000.0,531265.5,20155.5,2.0,-19328.0,-1488.0,-8249.0,-2747.0
215473,157500.0,558841.5,28660.5,3.0,-16150.0,-2337.0,-801.0,-884.0
182545,225000.0,314055.0,13963.5,2.0,-21757.0,-836.0,-6482.0,-1457.0
337234,67500.0,67500.0,8140.5,3.0,-9834.0,-1801.0,-1202.0,-1321.0
201239,382500.0,1312110.0,52168.5,2.0,-16972.0,-1073.0,-6528.0,-164.0
247131,180000.0,760225.5,30280.5,1.0,-16508.0,-2349.0,-6775.0,-39.0
228450,180000.0,180000.0,9000.0,4.0,-11733.0,-500.0,-5314.0,-3291.0
223795,139500.0,276277.5,21825.0,2.0,-12248.0,-118.0,-2602.0,-2604.0
277270,225000.0,225000.0,22014.0,2.0,-10050.0,-1791.0,-1201.0,-2691.0
145728,112500.0,315000.0,12006.0,2.0,-22885.0,365243.0,-11317.0,-4356.0
257569,225000.0,1800000.0,62568.0,2.0,-16367.0,-3224.0,-1035.0,-4385.0
400886,180000.0,247500.0,12375.0,2.0,-16487.0,-641.0,-2909.0,-32.0
344891,202500.0,993082.5,42205.5,2.0,-14389.0,-635.0,-8397.0,-4728.0
110517,202500.0,1006920.0,54751.5,2.0,-23326.0,365243.0,-134.0,-4916.0
451025,216000.0,450000.0,20979.0,2.0,-12722.0,-2325.0,-1131.0,-3176.0
363664,157500.0,1626516.0,47686.5,2.0,-11215.0,-673.0,-5367.0,-3841.0
257282,90000.0,675000.0,35964.0,1.0,-20626.0,365243.0,-10243.0,-946.0
452073,157500.0,450000.0,22500.0,3.0,-14933.0,-3676.0,-7555.0,-4052.0
101475,67500.0,95940.0,9472.5,1.0,-21991.0,365243.0,-7720.0,-4780.0
419500,112500.0,301464.0,20277.0,2.0,-11447.0,-1063.0,-405.0,-3337.0
126886,90000.0,508495.5,21672.0,1.0,-22345.0,365243.0,-12188.0,-4920.0
119915,58500.0,286704.0,12757.5,3.0,-14608.0,-1282.0,-981.0,-4158.0
304302,270000.0,592560.0,35806.5,3.0,-11329.0,-667.0,-2402.0,-75.0
251169,90000.0,254700.0,24939.0,1.0,-14034.0,-1725.0,-2487.0,-4153.0
239310,135000.0,679500.0,22455.0,3.0,-14218.0,-2229.0,-2232.0,-4277.0
338891,202500.0,1336608.0,48141.0,1.0,-18252.0,-1672.0,-4092.0,-1792.0
416171,90000.0,225000.0,8482.5,2.0,-13072.0,-2899.0,-3838.0,-4133.0
335689,157500.0,640764.0,23670.0,1.0,-15071.0,-1646.0,-9180.0,-2775.0
194238,180000.0,405000.0,20250.0,3.0,-15385.0,-90.0,-4800.0,-4016.0
306062,157500.0,463284.0,24579.0,1.0,-12863.0,-240.0,-6887.0,-817.0
449369,270000.0,840951.0,35631.0,2.0,-11712.0,-3443.0,-2046.0,-3710.0
186133,135000.0,684738.0,18193.5,1.0,-21840.0,-800.0,-1667.0,-4521.0
113218,202500.0,536917.5,27931.5,3.0,-12397.0,-2019.0,-6504.0,-4804.0
370564,76500.0,180000.0,9000.0,3.0,-8643.0,-97.0,-8633.0,-850.0
239967,99000.0,454500.0,15151.5,2.0,-20326.0,365243.0,-5765.0,-3512.0
235402,225000.0,1190340.0,60466.5,2.0,-18110.0,-3905.0,-6280.0,-1650.0
115924,90000.0,414229.5,15745.5,1.0,-16311.0,-376.0,-7992.0,-4103.0
140930,216000.0,1259563.5,53365.5,1.0,-20318.0,-4839.0,-8463.0,-3409.0
345436,135000.0,239850.0,28462.5,2.0,-9162.0,-703.0,-4048.0,-1836.0
361530,108000.0,225000.0,12334.5,2.0,-22909.0,365243.0,-9855.0,-4784.0
191479,112500.0,540000.0,23917.5,2.0,-16491.0,-3556.0,-4960.0,-39.0
164718,450000.0,624289.5,30163.5,1.0,-16901.0,-400.0,-7670.0,-460.0
323084,360000.0,270000.0,13500.0,5.0,-16192.0,-908.0,-1502.0,-3809.0
110799,90000.0,286704.0,22644.0,2.0,-14806.0,-1820.0,-1642.0,-4382.0
104573,202500.0,272173.5,12118.5,3.0,-14152.0,-4673.0,-4448.0,-4133.0
269330,180000.0,521280.0,28408.5,2.0,-10259.0,-2282.0,-4394.0,-2895.0
213474,90000.0,450000.0,21888.0,2.0,-9937.0,-2987.0,-4173.0,-1127.0
376268,270000.0,792162.0,43101.0,5.0,-13043.0,-1596.0,-815.0,-5715.0
234097,270000.0,284400.0,19134.0,1.0,-10052.0,-389.0,-7758.0,-2647.0
237481,135000.0,720000.0,34767.0,3.0,-12046.0,-1538.0,-6141.0,-4140.0
435180,112500.0,539590.5,20470.5,2.0,-21625.0,-11039.0,-6115.0,-3980.0
155598,225000.0,270000.0,13500.0,1.0,-8432.0,-1440.0,-2996.0,-1092.0
366439,135000.0,270000.0,13500.0,4.0,-11595.0,-112.0,-1009.0,-3508.0
139525,180000.0,573408.0,25389.0,2.0,-16987.0,-5752.0,-6437.0,-480.0
274355,180000.0,253737.0,13266.0,2.0,-22274.0,-7453.0,-6334.0,-4193.0
434466,135000.0,531000.0,17127.0,1.0,-9649.0,-1234.0,-3823.0,-447.0
349599,99000.0,297000.0,13212.0,1.0,-18363.0,-1083.0,-5179.0,-1330.0
377963,180000.0,270000.0,13500.0,1.0,-12819.0,-910.0,-3943.0,-3941.0
286150,202500.0,450000.0,27193.5,3.0,-15372.0,-1156.0,-1089.0,-4000.0
306962,270000.0,2217456.0,67230.0,2.0,-20848.0,-2117.0,-8287.0,-4354.0
249849,270000.0,334152.0,17059.5,1.0,-17277.0,-2854.0,-9800.0,-819.0
419403,135000.0,225000.0,17905.5,3.0,-9390.0,-405.0,-3919.0,-2074.0
303530,112500.0,250614.0,18868.5,2.0,-23232.0,365243.0,-5847.0,-4744.0
219618,157500.0,312768.0,20119.5,3.0,-11460.0,-2971.0,-2040.0,-3551.0
159733,225000.0,439740.0,23854.5,1.0,-15850.0,-1606.0,-6849.0,-4684.0
238435,90000.0,755190.0,36459.0,1.0,-20430.0,365243.0,-3109.0,-3157.0
405798,202500.0,1021707.0,33894.0,1.0,-20000.0,-1964.0,-5553.0,-3561.0
377101,157500.0,247275.0,17716.5,3.0,-17141.0,-2067.0,-7686.0,-638.0
165457,148500.0,675000.0,24376.5,1.0,-16154.0,-4125.0,-1548.0,-4285.0
132709,450000.0,420588.0,33849.0,3.0,-12736.0,-110.0,-6850.0,-4845.0
113444,112500.0,1046142.0,33876.0,3.0,-12140.0,-483.0,-2306.0,-3657.0
307853,225000.0,1436850.0,42142.5,2.0,-18129.0,-4606.0,-11779.0,-1664.0
341158,135000.0,315000.0,15750.0,2.0,-11571.0,-3663.0,-3690.0,-3709.0
368180,85500.0,808650.0,26217.0,1.0,-9560.0,-1903.0,-3351.0,-2232.0
371648,202500.0,760225.5,30280.5,3.0,-15122.0,-7855.0,-3914.0,-4018.0
142589,81000.0,180000.0,9000.0,2.0,-12521.0,-1090.0,-6406.0,-4630.0
402430,450000.0,355536.0,18283.5,3.0,-13741.0,-2452.0,-112.0,-4655.0
408419,112500.0,144000.0,14373.0,2.0,-19628.0,-3067.0,-13769.0,-3172.0
299110,157500.0,147726.0,8478.0,2.0,-16225.0,-1284.0,-6454.0,-4218.0
442852,112500.0,485190.0,24772.5,2.0,-9918.0,-2485.0,-8888.0,-2527.0
108049,72000.0,504000.0,16258.5,2.0,-21552.0,365243.0,-2830.0,-2720.0
139410,180000.0,900000.0,32017.5,2.0,-13012.0,-1646.0,-5903.0,-4540.0
346935,67500.0,343800.0,16852.5,1.0,-18660.0,-6535.0,-9107.0,-2205.0
409702,202500.0,135000.0,6750.0,2.0,-16037.0,-1330.0,-8519.0,-4956.0
186764,315000.0,900000.0,35694.0,3.0,-12756.0,-3156.0,-515.0,-3821.0
296397,112500.0,1024290.0,30078.0,2.0,-15903.0,-6212.0,-8704.0,-4617.0
366128,90000.0,152820.0,8770.5,2.0,-14631.0,-562.0,-5732.0,-4683.0
443966,315000.0,755190.0,29947.5,3.0,-12523.0,-2513.0,-6603.0,-3171.0
427844,211500.0,1305000.0,38155.5,2.0,-15789.0,-511.0,-2215.0,-3631.0
119141,157500.0,450000.0,22018.5,2.0,-13484.0,-174.0,-6116.0,-4528.0
280073,76500.0,180000.0,9000.0,2.0,-8040.0,-216.0,-4226.0,-706.0
413516,135000.0,781920.0,28215.0,2.0,-15982.0,-589.0,-7512.0,-4285.0
242241,292500.0,508500.0,37134.0,2.0,-15536.0,-5152.0,-6534.0,-5288.0
349045,76500.0,284256.0,30159.0,2.0,-9524.0,-391.0,-2875.0,-2210.0
442935,76500.0,144000.0,6840.0,4.0,-14018.0,-2309.0,-2774.0,-4733.0
271761,135000.0,360000.0,17316.0,1.0,-22159.0,-1026.0,-7846.0,-4612.0
323155,252000.0,112500.0,11524.5,1.0,-8073.0,-782.0,-589.0,-594.0
258299,292500.0,781920.0,52384.5,2.0,-14555.0,-1433.0,-993.0,-3984.0
361320,247500.0,545040.0,43191.0,3.0,-13903.0,-1191.0,-1151.0,-1242.0
407252,157500.0,254700.0,15709.5,1.0,-24435.0,365243.0,-8215.0,-4017.0
394213,112500.0,225000.0,6187.5,1.0,-12037.0,-1125.0,-277.0,-4728.0
157019,90000.0,244512.0,25803.0,3.0,-11666.0,-1284.0,-5697.0,-4305.0
128914,85500.0,286704.0,18666.0,1.0,-11130.0,-1960.0,-10316.0,-3005.0
212177,157500.0,1271929.5,50571.0,2.0,-11913.0,-3345.0,-450.0,-1115.0
400583,225000.0,270000.0,13500.0,5.0,-13612.0,-2748.0,-785.0,-3618.0
424701,247500.0,1350000.0,71928.0,2.0,-17775.0,-4653.0,-8789.0,-1310.0
259567,90000.0,254700.0,16713.0,1.0,-15564.0,-527.0,-4195.0,-4346.0
394878,112500.0,202500.0,10125.0,3.0,-10604.0,-2735.0,-2395.0,-2407.0
235629,90000.0,261000.0,27823.5,2.0,-15805.0,-3156.0,-2770.0,-4149.0
138989,180000.0,553806.0,41404.5,2.0,-12983.0,-4151.0,-6302.0,-4058.0
121607,135000.0,1066500.0,31180.5,2.0,-11660.0,-822.0,-814.0,-1990.0
196914,90000.0,900000.0,26316.0,2.0,-10520.0,-995.0,-9501.0,-1506.0
297109,112500.0,1078200.0,31522.5,2.0,-16808.0,-3936.0,-4859.0,-356.0
309279,315000.0,1024740.0,55719.0,3.0,-16273.0,365243.0,-621.0,-4109.0
172066,135000.0,781920.0,25969.5,2.0,-14115.0,-5227.0,-4712.0,-4825.0
183265,157500.0,927252.0,26703.0,2.0,-18950.0,-661.0,-6469.0,-2465.0
359786,135000.0,808650.0,26217.0,1.0,-19260.0,365243.0,-5390.0,-2806.0
394098,270000.0,720000.0,23224.5,3.0,-18672.0,-2102.0,-5480.0,-2113.0
160131,450000.0,728460.0,66942.0,1.0,-10936.0,-143.0,-4846.0,-2423.0
135545,157500.0,755190.0,29947.5,2.0,-16744.0,-2003.0,-9240.0,-300.0
364934,112500.0,450000.0,22018.5,1.0,-8607.0,-1066.0,-3607.0,-1048.0
227224,99000.0,540000.0,15916.5,5.0,-13575.0,-734.0,-7660.0,-4565.0
442914,90000.0,116955.0,9504.0,2.0,-18359.0,-4457.0,-6627.0,-1911.0
369587,67500.0,225000.0,11250.0,2.0,-23679.0,365243.0,-9201.0,-4199.0
339907,112500.0,263686.5,19237.5,3.0,-15848.0,-222.0,-5770.0,-4189.0
285637,112500.0,143910.0,14364.0,2.0,-19417.0,365243.0,-9484.0,-2757.0
386674,180000.0,180000.0,9000.0,1.0,-12521.0,-1616.0,-6288.0,-4013.0
118224,180000.0,490495.5,50391.0,2.0,-8481.0,-349.0,-2332.0,-1117.0
374376,81000.0,135000.0,6750.0,1.0,-21527.0,365243.0,-11827.0,-4123.0
148117,99000.0,225000.0,17775.0,2.0,-12506.0,-1333.0,-5118.0,-5137.0
252575,112500.0,135000.0,12946.5,2.0,-12362.0,-1653.0,-1974.0,-4898.0
273689,157500.0,450000.0,22500.0,1.0,-19369.0,-4597.0,-4023.0,-2903.0
341886,135000.0,740704.5,35761.5,2.0,-10782.0,-1078.0,-55.0,-3450.0
362554,157500.0,495216.0,30055.5,2.0,-19013.0,-1953.0,-3045.0,-2574.0
321885,90000.0,381528.0,17914.5,1.0,-8785.0,-1582.0,-1854.0,-1359.0
169818,157500.0,765000.0,22495.5,2.0,-21683.0,365243.0,-9071.0,-5106.0
140639,112500.0,495000.0,24750.0,2.0,-18857.0,-1447.0,-4713.0,-2348.0
371471,67500.0,396000.0,20349.0,2.0,-23538.0,365243.0,-5647.0,-4324.0
431236,112500.0,261000.0,20749.5,2.0,-10720.0,-1473.0,-2810.0,-3344.0
250002,90000.0,291384.0,34578.0,2.0,-17719.0,-3443.0,-10162.0,-1265.0
341918,247500.0,225000.0,8482.5,3.0,-16333.0,-352.0,-2866.0,-2870.0
302468,135000.0,135000.0,6750.0,1.0,-17249.0,-749.0,-2575.0,-4682.0
201748,112500.0,284400.0,14575.5,2.0,-18601.0,-157.0,-6518.0,-2129.0
101538,112500.0,864000.0,25393.5,4.0,-11922.0,-1868.0,-1465.0,-4580.0
249856,135000.0,781920.0,32998.5,1.0,-18500.0,-3590.0,-2917.0,-1662.0
194702,90000.0,314055.0,14683.5,1.0,-20036.0,-1201.0,-1665.0,-1808.0
126261,315000.0,1730655.0,70618.5,1.0,-9812.0,-338.0,-294.0,-2464.0
310281,517500.0,2085120.0,72607.5,2.0,-19281.0,-1534.0,-8079.0,-2807.0
165860,202500.0,1288350.0,41692.5,3.0,-11988.0,-1620.0,-35.0,-425.0
247377,166500.0,808650.0,29839.5,1.0,-18157.0,-1718.0,-6267.0,-1708.0
106559,135000.0,269982.0,26428.5,2.0,-16891.0,-3332.0,-6053.0,-418.0
154055,112500.0,199008.0,20520.0,1.0,-24730.0,365243.0,-14003.0,-4270.0
222119,157500.0,651600.0,23535.0,2.0,-17739.0,-1165.0,-5369.0,-1288.0
309459,90000.0,451102.5,24601.5,3.0,-8635.0,-975.0,-3829.0,-1318.0
160420,67500.0,152820.0,15786.0,2.0,-20441.0,-13785.0,-13889.0,-3605.0
383591,283500.0,265851.0,19035.0,3.0,-17242.0,-2982.0,-9596.0,-529.0
160928,270000.0,315000.0,35541.0,3.0,-9460.0,-491.0,-3260.0,-2152.0
145551,54000.0,254700.0,24808.5,2.0,-24755.0,365243.0,-7576.0,-4266.0
355878,157500.0,524493.0,31230.0,2.0,-20349.0,-4542.0,-11557.0,-2128.0
296517,261000.0,1451047.5,53905.5,2.0,-12876.0,-3244.0,-2801.0,-4663.0
252150,112500.0,314055.0,16573.5,3.0,-12961.0,-2270.0,-3268.0,-3987.0
154582,225000.0,450000.0,35554.5,2.0,-16298.0,-1730.0,-2359.0,-5037.0
153545,270000.0,701730.0,72036.0,1.0,-10823.0,-928.0,-1110.0,-1688.0
336433,225000.0,254700.0,13068.0,2.0,-24200.0,365243.0,-3395.0,-4906.0
200923,112500.0,245268.0,17847.0,2.0,-10297.0,-781.0,-1439.0,-2643.0
204557,175500.0,397881.0,22972.5,1.0,-23299.0,-659.0,-4020.0,-4023.0
158369,225000.0,1159515.0,31882.5,2.0,-14569.0,-1892.0,-1224.0,-2928.0
134996,135000.0,270000.0,13500.0,3.0,-11806.0,-380.0,-943.0,-4151.0
230673,225000.0,630000.0,31500.0,1.0,-13997.0,-872.0,-8006.0,-3586.0
368704,202500.0,292500.0,19917.0,1.0,-8503.0,-901.0,-3381.0,-1176.0
339254,135000.0,518562.0,25078.5,1.0,-8080.0,-1361.0,-1112.0,-202.0
454236,157500.0,495000.0,31765.5,1.0,-14478.0,-1061.0,-4110.0,-4618.0
359332,72000.0,526491.0,17527.5,1.0,-22033.0,-459.0,-2304.0,-5248.0
144680,72000.0,523597.5,25317.0,1.0,-18489.0,-3261.0,-2988.0,-1918.0
298382,216000.0,582804.0,31747.5,3.0,-15887.0,-2360.0,-4936.0,-5287.0
345729,144000.0,508495.5,37345.5,3.0,-14410.0,-1644.0,-4407.0,-2683.0
284729,90000.0,808650.0,26086.5,2.0,-19998.0,365243.0,-6711.0,-3339.0
142561,202500.0,534451.5,42354.0,2.0,-11843.0,-429.0,-769.0,-1949.0
114769,130500.0,301464.0,23949.0,3.0,-11701.0,-2250.0,-4774.0,-76.0
361112,135000.0,417024.0,28341.0,2.0,-13614.0,-629.0,-4362.0,-4362.0
136174,90000.0,319981.5,13684.5,2.0,-18722.0,-2323.0,-7460.0,-2266.0
214582,229500.0,562491.0,27189.0,2.0,-19786.0,-445.0,-884.0,-3330.0
156637,256500.0,1249740.0,69781.5,2.0,-14317.0,-4722.0,-4095.0,-2674.0
428941,225000.0,1096020.0,46566.0,2.0,-15570.0,-571.0,-544.0,-4902.0
208196,157500.0,283419.0,15952.5,1.0,-16567.0,-567.0,-10647.0,-119.0
313116,76500.0,521280.0,28408.5,4.0,-12366.0,-1760.0,-1857.0,-1853.0
402862,90000.0,343800.0,16155.0,1.0,-19868.0,-3821.0,-6771.0,-3385.0
357809,252000.0,814041.0,23800.5,2.0,-11468.0,-2674.0,-2617.0,-3293.0
402688,157500.0,325908.0,17811.0,2.0,-17010.0,-964.0,-9215.0,-188.0
165347,135000.0,889515.0,31644.0,1.0,-12821.0,-1458.0,-4111.0,-5034.0
171953,81000.0,450000.0,35685.0,2.0,-10156.0,-969.0,-4257.0,-313.0
288972,157500.0,135000.0,6750.0,1.0,-22180.0,365243.0,-8874.0,-4506.0
236524,157500.0,1042560.0,34587.0,2.0,-18899.0,-3462.0,-7983.0,-2429.0
368380,121500.0,1042560.0,34587.0,2.0,-19186.0,365243.0,-8042.0,-2719.0
163534,135000.0,675000.0,21906.0,1.0,-20799.0,-2663.0,-9836.0,-4201.0
394491,130500.0,687600.0,19039.5,2.0,-13472.0,-851.0,-1274.0,-4747.0
227574,135000.0,505233.0,24435.0,1.0,-8110.0,-984.0,-2868.0,-800.0
163194,135000.0,755190.0,30078.0,1.0,-14888.0,365243.0,-1371.0,-5403.0
156578,225000.0,381528.0,22032.0,4.0,-11118.0,-797.0,-5944.0,-3794.0
149075,67500.0,1125000.0,47664.0,2.0,-23602.0,365243.0,-1621.0,-4863.0
303359,225000.0,506925.0,60291.0,1.0,-20392.0,-2143.0,-3182.0,-3211.0
133748,108000.0,384048.0,18031.5,2.0,-15940.0,-1511.0,-8443.0,-4783.0
248928,112500.0,294322.5,13851.0,1.0,-11042.0,-1326.0,-536.0,-3590.0
349839,135000.0,835605.0,24561.0,3.0,-18926.0,-8421.0,-4637.0,-372.0
352493,202500.0,450000.0,21109.5,1.0,-10983.0,-1423.0,-2534.0,-1304.0
347076,135000.0,729792.0,37390.5,2.0,-17617.0,-6131.0,-3035.0,-1162.0
168490,112500.0,512338.5,15664.5,2.0,-17929.0,-1499.0,-9127.0,-1468.0
190136,103500.0,247500.0,12375.0,1.0,-23159.0,365243.0,-2943.0,-2954.0
147926,157500.0,450000.0,22860.0,2.0,-24143.0,365243.0,-3339.0,-4556.0
436123,202500.0,477000.0,24484.5,2.0,-22039.0,-758.0,-4796.0,-4627.0
453182,112500.0,247500.0,12766.5,2.0,-10265.0,-983.0,-2970.0,-1576.0
207622,189000.0,900000.0,26316.0,1.0,-10000.0,-2451.0,-4607.0,-303.0
351080,157500.0,765000.0,24340.5,2.0,-13976.0,-2045.0,-5206.0,-4605.0
361788,112500.0,675000.0,21559.5,2.0,-20250.0,365243.0,-6544.0,-3701.0
240912,135000.0,592560.0,31153.5,3.0,-14673.0,-877.0,-796.0,-796.0
152523,247500.0,970380.0,25726.5,3.0,-11164.0,-311.0,-5240.0,-27.0
145153,315000.0,1174005.0,78903.0,2.0,-17989.0,-276.0,-10777.0,-1538.0
224547,189000.0,225000.0,11250.0,1.0,-20650.0,-854.0,-67.0,-4011.0
136836,67500.0,277969.5,18706.5,3.0,-11359.0,-1227.0,-6063.0,-3480.0
302087,225000.0,320922.0,34690.5,2.0,-20231.0,-1937.0,-1513.0,-3683.0
262829,202500.0,781920.0,24682.5,2.0,-17482.0,-1623.0,-6676.0,-1014.0
392698,135000.0,1350000.0,37125.0,2.0,-16879.0,365243.0,-640.0,-417.0
164277,112500.0,490495.5,47781.0,2.0,-10605.0,-3730.0,-4397.0,-2596.0
367482,292500.0,1096020.0,55962.0,1.0,-18253.0,-8772.0,-5830.0,-1649.0
223107,225000.0,900000.0,32328.0,2.0,-16292.0,-2052.0,-1090.0,-1254.0
422559,225000.0,625536.0,32067.0,1.0,-17844.0,-4591.0,-8794.0,-1388.0
190409,180000.0,1546020.0,40914.0,1.0,-9933.0,-215.0,-4768.0,-2625.0
413318,90000.0,675000.0,21906.0,3.0,-13349.0,-1315.0,-1381.0,-3502.0
321599,90000.0,127350.0,12726.0,2.0,-20784.0,-1054.0,-10435.0,-1919.0
202127,360000.0,585000.0,37386.0,2.0,-8776.0,-1392.0,-8717.0,-1449.0
236284,360000.0,239850.0,23494.5,1.0,-24716.0,-2874.0,-2733.0,-4582.0
378818,112500.0,450000.0,36081.0,1.0,-18316.0,-940.0,-3704.0,-1205.0
174744,90000.0,253737.0,16650.0,2.0,-21913.0,365243.0,-13289.0,-4684.0
305540,135000.0,1288350.0,37800.0,2.0,-22649.0,365243.0,-14068.0,-4346.0
262999,157500.0,808650.0,26217.0,4.0,-12304.0,-403.0,-956.0,-4289.0
191116,315000.0,1125000.0,33025.5,3.0,-11864.0,-3469.0,-145.0,-155.0
127222,81000.0,1155226.5,38308.5,2.0,-14713.0,-3759.0,-4404.0,-2092.0
307282,157500.0,1125000.0,36423.0,1.0,-15040.0,-3393.0,-572.0,-3549.0
451232,121500.0,450000.0,21888.0,2.0,-16899.0,-208.0,-986.0,-445.0
236738,315000.0,1056447.0,31018.5,2.0,-11008.0,-2000.0,-5080.0,-3404.0
424159,270000.0,497520.0,56263.5,2.0,-14776.0,-158.0,-8836.0,-2495.0
444660,76500.0,225000.0,13527.0,3.0,-11178.0,-1580.0,-2008.0,-3368.0
208538,148500.0,945000.0,50476.5,3.0,-16832.0,-3715.0,-6868.0,-327.0
243992,90000.0,367569.0,17811.0,2.0,-17590.0,-10901.0,-7675.0,-1137.0
433164,135000.0,1129500.0,31059.0,4.0,-14387.0,-605.0,-5047.0,-4298.0
299011,112500.0,126000.0,13698.0,2.0,-20426.0,365243.0,-9356.0,-3913.0
396479,270000.0,791595.0,42304.5,1.0,-22180.0,-2816.0,-2683.0,-4574.0
193861,112500.0,243000.0,23670.0,2.0,-22272.0,-2059.0,-5803.0,-4564.0
325713,315000.0,263686.5,27148.5,2.0,-19555.0,-2545.0,-1812.0,-3108.0
339592,225000.0,1042560.0,53091.0,3.0,-10685.0,-3757.0,-2324.0,-3049.0
196567,112500.0,563877.0,24966.0,2.0,-16954.0,-2393.0,-2339.0,-478.0
381951,180000.0,263686.5,28525.5,2.0,-11233.0,-2924.0,-4966.0,-3674.0
109185,99000.0,343800.0,13090.5,4.0,-12306.0,-2187.0,-833.0,-3975.0
261134,135000.0,135000.0,14670.0,2.0,-13980.0,-4345.0,-6972.0,-5163.0
334194,427500.0,1971072.0,68643.0,3.0,-11652.0,-336.0,-5461.0,-3473.0
317302,270000.0,1897632.0,52312.5,2.0,-15742.0,-1269.0,-6110.0,-354.0
328341,202500.0,450000.0,19048.5,1.0,-16088.0,-300.0,-6357.0,-4153.0
341099,112500.0,273636.0,17617.5,1.0,-20334.0,-3117.0,-9520.0,-3489.0
417180,247500.0,225000.0,17775.0,2.0,-17743.0,-8084.0,-8461.0,-1295.0
444494,126000.0,119925.0,12721.5,3.0,-14767.0,-1808.0,-4551.0,-4071.0
315397,450000.0,1273437.0,119196.0,3.0,-16757.0,-959.0,-1986.0,-243.0
378677,180000.0,1483231.5,51556.5,2.0,-15968.0,-8488.0,-8484.0,-4485.0
336713,135000.0,763056.0,27405.0,1.0,-14292.0,-1521.0,-8139.0,-4661.0
314237,108000.0,1185282.0,34654.5,2.0,-14856.0,-1089.0,-8494.0,-2948.0
120311,112500.0,127350.0,13842.0,1.0,-13975.0,-886.0,-4384.0,-4804.0
315497,225000.0,1494000.0,56902.5,3.0,-14617.0,-4077.0,-7184.0,-4977.0
132360,157500.0,273636.0,26784.0,1.0,-11273.0,-617.0,-4830.0,-3403.0
253793,180000.0,201024.0,8982.0,1.0,-14681.0,-2635.0,-8815.0,-3980.0
236252,270000.0,814041.0,23931.0,2.0,-19743.0,-9971.0,-3758.0,-3282.0
296664,112500.0,152820.0,16177.5,2.0,-10055.0,-327.0,-4928.0,-2714.0
202357,90000.0,675000.0,19476.0,2.0,-22406.0,365243.0,-7543.0,-4481.0
389250,175500.0,405000.0,20250.0,2.0,-20239.0,-3312.0,-6484.0,-3532.0
281792,90000.0,540000.0,26109.0,1.0,-14228.0,-1262.0,-4699.0,-4661.0
451881,112500.0,547344.0,18216.0,2.0,-19933.0,-8878.0,-2505.0,-3435.0
178794,189000.0,450000.0,20983.5,4.0,-12597.0,-886.0,-336.0,-4380.0
139325,83250.0,180000.0,9000.0,1.0,-22764.0,365243.0,-726.0,-5195.0
440618,211500.0,900000.0,38133.0,2.0,-21618.0,-140.0,-158.0,-4234.0
397880,225000.0,937638.0,41301.0,2.0,-12332.0,-3159.0,-5349.0,-4613.0
439214,81000.0,343800.0,13090.5,1.0,-16404.0,-5428.0,-651.0,-4513.0
186877,112500.0,283419.0,22522.5,2.0,-16376.0,-346.0,-756.0,-1336.0
316199,90000.0,566055.0,16353.0,3.0,-15345.0,-1721.0,-8679.0,-4530.0
162621,112500.0,526491.0,30352.5,2.0,-19422.0,365243.0,-4430.0,-2976.0
312858,135000.0,948582.0,27733.5,2.0,-17995.0,-2441.0,-8947.0,-1540.0
438142,90000.0,463626.0,23800.5,2.0,-13075.0,-5896.0,-3228.0,-5460.0
233563,90000.0,199080.0,12960.0,4.0,-13775.0,-4991.0,-5263.0,-5500.0
411156,166500.0,1125000.0,47794.5,2.0,-11358.0,-997.0,-4927.0,-2484.0
389163,247500.0,1575000.0,41679.0,3.0,-16208.0,-6978.0,-4322.0,-5077.0
138726,171000.0,285264.0,30852.0,1.0,-8406.0,-272.0,-3235.0,-1017.0
138399,202500.0,495216.0,30055.5,2.0,-12142.0,-2851.0,-3486.0,-49.0
132484,67500.0,545040.0,25407.0,5.0,-11042.0,-886.0,-1005.0,-1524.0
422916,112500.0,180000.0,9000.0,1.0,-9186.0,-746.0,-6794.0,-1863.0
405477,180000.0,566055.0,16681.5,1.0,-17279.0,-7165.0,-11217.0,-801.0
365789,112500.0,270000.0,13500.0,3.0,-12016.0,-3116.0,-3568.0,-3568.0
406718,90000.0,280170.0,31815.0,1.0,-10188.0,-627.0,-2454.0,-2454.0
419726,67500.0,339241.5,15943.5,1.0,-17569.0,-3167.0,-10249.0,-1115.0
118740,94500.0,101880.0,12217.5,4.0,-10218.0,-1522.0,-4472.0,-472.0
308715,180000.0,1216201.5,35559.0,2.0,-23258.0,365243.0,-10993.0,-4049.0
452374,180000.0,654498.0,27859.5,2.0,-23798.0,365243.0,-3734.0,-4637.0
264221,157500.0,810378.0,26271.0,2.0,-16733.0,-4735.0,-4205.0,-292.0
258636,126000.0,545040.0,26640.0,2.0,-9427.0,-328.0,-4701.0,-608.0
141917,103500.0,239850.0,23494.5,2.0,-21491.0,365243.0,-10506.0,-5007.0
345619,180000.0,1476000.0,40720.5,2.0,-17254.0,-4246.0,-304.0,-792.0
132662,202500.0,1162170.0,37620.0,3.0,-14251.0,-2934.0,-2430.0,-3113.0
208659,180000.0,90000.0,8545.5,1.0,-19917.0,-1899.0,-12350.0,-3457.0
236483,180000.0,278460.0,21676.5,2.0,-18054.0,-2318.0,-5899.0,-1594.0
162426,180000.0,193392.0,13054.5,1.0,-8708.0,-858.0,-8567.0,-1050.0
301347,67500.0,216000.0,10521.0,2.0,-18593.0,-4457.0,-6455.0,-2127.0
373655,225000.0,616846.5,48865.5,2.0,-15435.0,-1071.0,-1142.0,-3210.0
217059,112500.0,454500.0,16452.0,1.0,-10707.0,-1690.0,-9101.0,-1083.0
266960,144000.0,545040.0,25537.5,1.0,-8667.0,-208.0,-8651.0,-1192.0
304871,81000.0,123768.0,5899.5,1.0,-22605.0,365243.0,-12679.0,-3677.0
256003,270000.0,553806.0,26770.5,2.0,-21254.0,365243.0,-4190.0,-4786.0
309376,56250.0,225000.0,11619.0,2.0,-21737.0,365243.0,-13358.0,-4488.0
139439,135000.0,787131.0,26145.0,2.0,-22405.0,-14108.0,-1186.0,-4346.0
180848,202500.0,755190.0,32125.5,1.0,-20975.0,365243.0,-2891.0,-3975.0
278574,171000.0,720000.0,38358.0,3.0,-13858.0,-1172.0,-1450.0,-4062.0
115262,112500.0,405000.0,20250.0,3.0,-13469.0,-435.0,-3680.0,-3680.0
376580,360000.0,728460.0,57685.5,3.0,-13695.0,-1171.0,-4348.0,-4552.0
392659,157500.0,247500.0,18634.5,1.0,-19007.0,-299.0,-5305.0,-2507.0
244785,180000.0,808650.0,23773.5,2.0,-21720.0,365243.0,-3837.0,-4801.0
443994,292500.0,508495.5,36292.5,1.0,-23589.0,365243.0,-13456.0,-4398.0
318205,171000.0,239850.0,25830.0,1.0,-8588.0,-354.0,-8577.0,-1276.0
234456,90000.0,314055.0,13963.5,2.0,-15836.0,-300.0,-9540.0,-1897.0
246029,153000.0,755190.0,30078.0,2.0,-23530.0,365243.0,-6755.0,-4421.0
325408,135000.0,450000.0,27324.0,4.0,-10920.0,-1831.0,-4697.0,-3604.0
421761,90000.0,225000.0,15034.5,1.0,-10240.0,-1842.0,-1855.0,-2902.0
352559,443250.0,597339.0,47322.0,3.0,-13244.0,-1561.0,-4633.0,-4917.0
223114,157500.0,450000.0,13644.0,2.0,-17865.0,-197.0,-2952.0,-1427.0
339692,450000.0,479700.0,51660.0,3.0,-13415.0,-206.0,-1030.0,-4172.0
259893,337500.0,276277.5,15115.5,3.0,-19098.0,-1720.0,-3151.0,-1038.0
400716,126000.0,819432.0,23958.0,3.0,-14440.0,-5817.0,-5495.0,-4238.0
386006,90000.0,506889.0,24781.5,2.0,-10205.0,-1553.0,-1316.0,-1127.0
329804,270000.0,1530517.5,42219.0,3.0,-13438.0,-3270.0,-3522.0,-4958.0
151755,90000.0,263686.5,31423.5,3.0,-15995.0,-90.0,-432.0,-4037.0
284042,112500.0,156384.0,17815.5,1.0,-9384.0,-1842.0,-4897.0,-2065.0
281547,202500.0,267336.0,16483.5,2.0,-15310.0,-760.0,-6683.0,-4834.0
127874,126000.0,220500.0,21807.0,2.0,-14045.0,-277.0,-488.0,-4681.0
290018,135000.0,450000.0,21888.0,2.0,-10150.0,-977.0,-9743.0,-1284.0
191865,117000.0,178290.0,19048.5,4.0,-14942.0,-660.0,-5715.0,-4412.0
255677,247500.0,1260000.0,34650.0,2.0,-17633.0,-2695.0,-8540.0,-1135.0
173162,135000.0,504000.0,33948.0,2.0,-17403.0,-2663.0,-5713.0,-31.0
332095,135000.0,157050.0,7047.0,1.0,-17864.0,-717.0,-11837.0,-1411.0
167808,202500.0,1255680.0,41499.0,2.0,-18758.0,-2006.0,-5476.0,-2312.0
280692,225000.0,485640.0,38263.5,3.0,-14280.0,-2706.0,-1195.0,-4535.0
136415,112500.0,698517.0,25218.0,1.0,-19178.0,-900.0,-5035.0,-2736.0
353426,81000.0,269550.0,11547.0,2.0,-24148.0,365243.0,-7841.0,-4956.0
263755,135000.0,562981.5,18733.5,2.0,-18004.0,-258.0,-3470.0,-1554.0
166442,90000.0,338832.0,16299.0,1.0,-21160.0,365243.0,-977.0,-977.0
153945,67500.0,291384.0,18967.5,1.0,-22231.0,365243.0,-1600.0,-4494.0
344076,202500.0,521280.0,35392.5,2.0,-18705.0,-815.0,-181.0,-2246.0
452699,117000.0,1413000.0,40383.0,2.0,-23893.0,365243.0,-760.0,-5046.0
183958,135000.0,1800000.0,62568.0,3.0,-16020.0,-6206.0,-5508.0,-851.0
193794,157500.0,760225.5,32337.0,2.0,-10226.0,-1939.0,-277.0,-2882.0
308799,135000.0,640080.0,31261.5,1.0,-9056.0,-268.0,-724.0,-634.0
279545,225000.0,1054935.0,44824.5,4.0,-11704.0,-275.0,-724.0,-1050.0
205652,108000.0,490005.0,25146.0,2.0,-20882.0,365243.0,-6224.0,-4215.0
246549,112500.0,269550.0,16416.0,3.0,-11819.0,-1719.0,-5019.0,-4418.0
384400,270000.0,1223010.0,48631.5,1.0,-22104.0,-2960.0,-3489.0,-3999.0
320375,117000.0,1125000.0,37309.5,2.0,-15184.0,-6765.0,-2675.0,-4696.0
122701,382500.0,517923.0,40918.5,2.0,-17352.0,-1599.0,-1310.0,-898.0
311899,202500.0,599778.0,30753.0,4.0,-11972.0,-599.0,-2809.0,-3922.0
380860,103500.0,135000.0,7452.0,1.0,-8252.0,-607.0,-8221.0,-932.0
433828,126000.0,382500.0,19125.0,4.0,-15194.0,-962.0,-7042.0,-4241.0
191710,81000.0,188460.0,10350.0,2.0,-14499.0,-7043.0,-14499.0,-2480.0
191057,90000.0,416052.0,15813.0,2.0,-17711.0,-290.0,-6035.0,-1240.0
206833,34875.0,269550.0,13095.0,2.0,-21691.0,365243.0,-3254.0,-4477.0
398616,157500.0,573628.5,21388.5,3.0,-11330.0,-2308.0,-3060.0,-3415.0
340193,135000.0,1258650.0,52074.0,2.0,-21420.0,365243.0,-392.0,-4979.0
199929,405000.0,457312.5,33408.0,3.0,-13203.0,-1548.0,-2287.0,-4229.0
180682,585000.0,2028942.0,53653.5,2.0,-14148.0,-3636.0,-214.0,-4673.0
188686,112500.0,315000.0,15750.0,1.0,-23000.0,365243.0,-630.0,-4961.0
168286,450000.0,675000.0,33750.0,5.0,-15252.0,-552.0,-64.0,-4874.0
433671,225000.0,545040.0,25537.5,2.0,-15546.0,-798.0,-2037.0,-4760.0
180168,202500.0,190764.0,11799.0,2.0,-22039.0,-3912.0,-11280.0,-4863.0
292318,225000.0,1085994.0,46143.0,3.0,-16638.0,-2527.0,-3903.0,-166.0
398272,99000.0,704844.0,35986.5,3.0,-15625.0,-2208.0,-3486.0,-3887.0
100588,157500.0,679500.0,19998.0,2.0,-11816.0,-1540.0,-5304.0,-4009.0
334745,112500.0,298467.0,35419.5,1.0,-9924.0,-1046.0,-4049.0,-2504.0
241830,180000.0,555273.0,17023.5,3.0,-15904.0,-146.0,-2467.0,-4330.0
195357,90000.0,136287.0,10894.5,1.0,-12708.0,-757.0,-8660.0,-4254.0
174056,112500.0,814500.0,30312.0,2.0,-9528.0,-578.0,-4382.0,-32.0
158239,180000.0,147888.0,4851.0,1.0,-22296.0,365243.0,-14315.0,-3902.0
181864,225000.0,545040.0,25537.5,1.0,-22055.0,365243.0,-2634.0,-1934.0
372202,157500.0,738108.0,47299.5,1.0,-22362.0,365243.0,-3767.0,-3999.0
312989,112500.0,135000.0,6750.0,1.0,-20740.0,365243.0,-12316.0,-3990.0
413284,112500.0,188460.0,11515.5,3.0,-9134.0,-1586.0,-9134.0,-1265.0
133873,135000.0,517500.0,20650.5,2.0,-21011.0,365243.0,-6930.0,-3982.0
158562,202500.0,168102.0,12312.0,1.0,-17475.0,-147.0,-4809.0,-999.0
373207,135000.0,787131.0,26145.0,2.0,-13642.0,-453.0,-7462.0,-4542.0
260968,112500.0,540000.0,23917.5,1.0,-20539.0,-809.0,-7545.0,-1283.0
256995,225000.0,448299.0,30456.0,2.0,-17159.0,-1504.0,-4360.0,-695.0
444441,405000.0,701730.0,66627.0,2.0,-19758.0,-1925.0,-7440.0,-3254.0
429868,180000.0,1006920.0,44482.5,2.0,-20090.0,-9832.0,-645.0,-3620.0
226688,67500.0,684657.0,26658.0,2.0,-9909.0,-1525.0,-2502.0,-2512.0
192267,405000.0,337500.0,16875.0,1.0,-21504.0,365243.0,-4410.0,-4413.0
365974,135000.0,225000.0,8212.5,1.0,-24045.0,365243.0,-261.0,-4840.0
427104,180000.0,787500.0,23157.0,2.0,-21363.0,-206.0,-3794.0,-3965.0
138718,73350.0,544500.0,15732.0,2.0,-20529.0,365243.0,-11279.0,-2803.0
437129,36000.0,269550.0,14751.0,3.0,-11303.0,-2324.0,-1113.0,-237.0
443320,112500.0,781920.0,25411.5,2.0,-20529.0,365243.0,-9135.0,-4080.0
157965,63000.0,312768.0,13378.5,2.0,-20352.0,365243.0,-920.0,-317.0
155259,270000.0,646920.0,20997.0,2.0,-14931.0,-3827.0,-6810.0,-4745.0
243610,189000.0,311562.0,8217.0,3.0,-15083.0,-7095.0,-2618.0,-4649.0
249476,67500.0,225000.0,12564.0,1.0,-21796.0,365243.0,-14018.0,-4608.0
326146,175500.0,540000.0,27000.0,3.0,-15797.0,-1840.0,-9455.0,-2756.0
214327,157500.0,1061599.5,31041.0,2.0,-21967.0,365243.0,-661.0,-4095.0
371306,135000.0,1125000.0,47664.0,2.0,-18115.0,-1139.0,-5141.0,-1676.0
250660,135000.0,900000.0,26316.0,2.0,-21454.0,-2730.0,-8342.0,-4126.0
451590,198000.0,630000.0,49774.5,3.0,-15427.0,-3307.0,-8135.0,-4309.0
294183,72000.0,191880.0,18819.0,1.0,-24734.0,365243.0,-10872.0,-4401.0
100428,90000.0,1224990.0,35946.0,2.0,-19998.0,-2082.0,-393.0,-3499.0
358832,76500.0,450000.0,21109.5,3.0,-9903.0,-401.0,-4764.0,-635.0
121530,193500.0,1436850.0,42142.5,1.0,-14657.0,-216.0,-3725.0,-3906.0
319652,90000.0,1080000.0,42831.0,3.0,-9632.0,-346.0,-1208.0,-1091.0
391243,81000.0,180000.0,9000.0,2.0,-8451.0,-42.0,-6231.0,-1107.0
294818,112500.0,450000.0,24543.0,4.0,-10281.0,-1872.0,-3611.0,-569.0
205884,76500.0,202500.0,10125.0,2.0,-20711.0,365243.0,-10228.0,-4253.0
348507,180000.0,573408.0,32148.0,2.0,-14093.0,-1137.0,-2210.0,-4492.0
393529,135000.0,545040.0,26509.5,2.0,-18564.0,-1380.0,-414.0,-2115.0
299360,90000.0,781920.0,41656.5,1.0,-19889.0,-5390.0,-5291.0,-3259.0
416516,135000.0,1319269.5,36409.5,2.0,-17781.0,-403.0,-5247.0,-1312.0
131180,180000.0,180000.0,9000.0,2.0,-12231.0,-3333.0,-3486.0,-314.0
165689,211500.0,450000.0,27324.0,1.0,-16952.0,-210.0,-1351.0,-487.0
108876,238500.0,180000.0,9000.0,4.0,-12632.0,-4454.0,-4310.0,-4307.0
194853,225000.0,900000.0,26316.0,1.0,-11246.0,-4639.0,-5145.0,-3907.0
150395,382500.0,1350000.0,37255.5,2.0,-16330.0,-2012.0,-672.0,-4684.0
120307,247500.0,1462266.0,94680.0,1.0,-14028.0,-1561.0,-5217.0,-4375.0
170628,135000.0,808650.0,26217.0,4.0,-12073.0,-216.0,-3688.0,-4072.0
315138,90000.0,294322.5,16893.0,2.0,-14705.0,-3474.0,-4563.0,-4815.0
431360,202500.0,668304.0,28444.5,1.0,-17855.0,-507.0,-5844.0,-1349.0
392459,54000.0,408780.0,14809.5,2.0,-20600.0,365243.0,-4991.0,-3555.0
341531,261000.0,733315.5,39199.5,2.0,-19184.0,-814.0,-9779.0,-2697.0
189776,81000.0,183784.5,14350.5,2.0,-22748.0,365243.0,-11273.0,-4856.0
220210,166500.0,314100.0,16573.5,3.0,-9126.0,-158.0,-9108.0,-1170.0
271936,135000.0,1237554.0,40050.0,2.0,-15721.0,-1739.0,-5135.0,-3793.0
446165,247500.0,756000.0,22234.5,2.0,-17106.0,-8438.0,-7502.0,-657.0
367603,121500.0,328500.0,26082.0,1.0,-13998.0,-4454.0,-7595.0,-4224.0
377977,135000.0,536917.5,27544.5,2.0,-11547.0,-1841.0,-2974.0,-3667.0
305877,166500.0,180000.0,8883.0,2.0,-9998.0,-411.0,-4863.0,-2668.0
300423,135000.0,180000.0,9000.0,2.0,-10877.0,-808.0,-5300.0,-2948.0
165984,90000.0,296280.0,15124.5,4.0,-17157.0,365243.0,-689.0,-702.0
113454,45000.0,135000.0,12510.0,2.0,-10068.0,-620.0,-1626.0,-1634.0
100020,108000.0,509602.5,26149.5,2.0,-12931.0,-1317.0,-6392.0,-3866.0
114216,225000.0,675000.0,25015.5,2.0,-13713.0,-603.0,-2045.0,-4545.0
179638,112500.0,560664.0,18216.0,2.0,-14459.0,-2638.0,-5.0,-4213.0
406553,112500.0,270000.0,13500.0,4.0,-12195.0,-559.0,-301.0,-1417.0
334385,90000.0,299772.0,23814.0,3.0,-10607.0,-2873.0,-336.0,-929.0
207092,135000.0,417024.0,20191.5,3.0,-13552.0,-3362.0,-3874.0,-194.0
405222,112500.0,204768.0,6336.0,1.0,-20027.0,365243.0,-12295.0,-3308.0
335153,427500.0,1762110.0,48586.5,2.0,-15081.0,-864.0,-102.0,-4792.0
290392,58500.0,271066.5,16510.5,2.0,-21765.0,365243.0,-15816.0,-3725.0
120820,81000.0,585000.0,30289.5,2.0,-10799.0,-3431.0,-1237.0,-2558.0
299758,157500.0,1468719.0,40387.5,2.0,-22826.0,365243.0,-2451.0,-988.0
243488,112500.0,479974.5,18409.5,1.0,-14241.0,-1136.0,-4787.0,-1945.0
356352,139500.0,1259739.0,64125.0,2.0,-22662.0,365243.0,-2250.0,-5080.0
181902,112500.0,225000.0,22050.0,2.0,-24732.0,365243.0,-10632.0,-4778.0
442975,135000.0,678996.0,34798.5,4.0,-11374.0,-1306.0,-4261.0,-2659.0
217375,121500.0,545040.0,26640.0,2.0,-14719.0,-964.0,-609.0,-3904.0
168329,315000.0,900000.0,46084.5,3.0,-15965.0,-3607.0,-4453.0,-4439.0
448300,90000.0,555273.0,16366.5,2.0,-17697.0,-7766.0,-10821.0,-1228.0
153419,270000.0,1546020.0,50004.0,1.0,-21296.0,-2358.0,-779.0,-772.0
276568,112500.0,1305000.0,43726.5,2.0,-18140.0,-5783.0,-8919.0,-1688.0
207093,202500.0,477000.0,25542.0,2.0,-18198.0,-10018.0,-57.0,-1749.0
218932,99000.0,720000.0,28683.0,2.0,-23353.0,365243.0,-1533.0,-4733.0
253750,135000.0,808650.0,26217.0,3.0,-18006.0,-3662.0,-8929.0,-1540.0
249976,225000.0,550980.0,30897.0,2.0,-13013.0,-5596.0,-6772.0,-4207.0
178628,49500.0,76410.0,7956.0,2.0,-19414.0,-3547.0,-1550.0,-2912.0
282545,94500.0,454500.0,14661.0,2.0,-20640.0,365243.0,-2710.0,-4139.0
149323,225000.0,783000.0,27868.5,2.0,-16912.0,-907.0,-9106.0,-451.0
408698,135000.0,263686.5,15700.5,1.0,-9804.0,-416.0,-4579.0,-2478.0
151445,112500.0,50940.0,5166.0,1.0,-10956.0,-1277.0,-5086.0,-2985.0
111023,157500.0,405000.0,20250.0,3.0,-12481.0,-1212.0,-6592.0,-4592.0
393107,180000.0,883863.0,23314.5,5.0,-14763.0,-1431.0,-1719.0,-5822.0
312751,90000.0,508495.5,26091.0,3.0,-14506.0,-2923.0,-7677.0,-4690.0
439302,135000.0,270000.0,13500.0,2.0,-8447.0,-1816.0,-8388.0,-1080.0
328591,144000.0,409716.0,21046.5,3.0,-15325.0,-2447.0,-4088.0,-4094.0
139680,157500.0,91008.0,6210.0,1.0,-11225.0,-268.0,-6009.0,-3114.0
405321,221400.0,247500.0,9814.5,2.0,-10916.0,-810.0,-532.0,-3534.0
221568,225000.0,270000.0,13500.0,1.0,-16934.0,-3397.0,-528.0,-471.0
265179,135000.0,491211.0,48712.5,2.0,-23530.0,365243.0,-6195.0,-4373.0
358158,135000.0,454500.0,24655.5,2.0,-10616.0,-365.0,-5185.0,-3243.0
194967,202500.0,585000.0,29250.0,2.0,-18893.0,-984.0,-8585.0,-2440.0
189818,180000.0,1042560.0,34587.0,3.0,-12921.0,-6272.0,-6622.0,-2163.0
254204,180000.0,900000.0,26316.0,2.0,-18817.0,-1772.0,-8076.0,-2353.0
301219,112500.0,900000.0,26446.5,3.0,-9091.0,-390.0,-3682.0,-1776.0
342262,225000.0,2124054.0,56160.0,2.0,-21639.0,365243.0,-9277.0,-3011.0
339941,112500.0,238500.0,18585.0,2.0,-20913.0,365243.0,-2662.0,-34.0
324370,180000.0,630000.0,30438.0,2.0,-16573.0,-836.0,-1925.0,-124.0
393747,90000.0,781695.0,25344.0,2.0,-21795.0,365243.0,-14244.0,-4403.0
332540,180000.0,1125000.0,37309.5,4.0,-9309.0,-1732.0,-4166.0,-1960.0
123647,180000.0,1170000.0,34209.0,2.0,-14788.0,-3781.0,-8294.0,-1260.0
260719,58500.0,139230.0,10030.5,2.0,-18619.0,-576.0,-5547.0,-2151.0
112211,270000.0,247500.0,15948.0,2.0,-21194.0,365243.0,-9843.0,-4007.0
196109,405000.0,472500.0,48546.0,2.0,-11219.0,-2019.0,-10408.0,-3772.0
276770,126000.0,824823.0,24246.0,2.0,-17796.0,-10592.0,-8980.0,-1353.0
251342,90000.0,499500.0,49536.0,2.0,-23432.0,365243.0,-12145.0,-4501.0
445617,54000.0,157500.0,7875.0,4.0,-11337.0,-1140.0,-1426.0,-3792.0
390396,270000.0,1546020.0,45333.0,2.0,-18987.0,-7140.0,-10166.0,-2524.0
134970,90000.0,558486.0,33255.0,2.0,-12396.0,-3969.0,-2850.0,-4843.0
259879,135000.0,1125000.0,56250.0,1.0,-9760.0,-21.0,-207.0,-36.0
163418,185400.0,436032.0,21339.0,1.0,-9222.0,-542.0,-430.0,-1897.0
421196,450000.0,1546020.0,45333.0,2.0,-21884.0,-5580.0,-2586.0,-2591.0
358314,171000.0,808650.0,23773.5,2.0,-21930.0,-3268.0,-12056.0,-3645.0
289428,216000.0,601470.0,30838.5,4.0,-14775.0,-3612.0,-1784.0,-4136.0
339508,90000.0,422892.0,27157.5,2.0,-10368.0,-2657.0,-4946.0,-3002.0
308449,225000.0,688500.0,22338.0,3.0,-15141.0,-2917.0,-3529.0,-3036.0
274222,112500.0,358344.0,22050.0,2.0,-11424.0,-3453.0,-541.0,-4014.0
451989,157500.0,440784.0,34956.0,2.0,-10167.0,-621.0,-14.0,-1391.0
411188,180000.0,1762110.0,46611.0,3.0,-16798.0,-1602.0,-4470.0,-206.0
187550,157500.0,239850.0,23494.5,2.0,-24730.0,365243.0,-4678.0,-2566.0
446350,166500.0,562981.5,27211.5,2.0,-17714.0,365243.0,-1268.0,-1268.0
131918,49500.0,170640.0,9657.0,1.0,-24108.0,365243.0,-9805.0,-4554.0
298208,112500.0,298512.0,31342.5,2.0,-12635.0,-468.0,-6754.0,-1294.0
384826,99000.0,157500.0,9040.5,2.0,-13345.0,-3376.0,-821.0,-2927.0
148373,90000.0,808650.0,26217.0,2.0,-21379.0,-5177.0,-4301.0,-4037.0
210713,360000.0,1546020.0,42511.5,2.0,-22676.0,365243.0,-14272.0,-4344.0
197490,144000.0,979992.0,31743.0,2.0,-14913.0,-3644.0,-9052.0,-4657.0
294938,180000.0,521280.0,23089.5,2.0,-11845.0,-410.0,-7546.0,-2730.0
183297,135000.0,936000.0,30195.0,3.0,-17513.0,-3641.0,-3221.0,-1072.0
213335,450000.0,469152.0,31864.5,4.0,-17003.0,-3917.0,-2867.0,-533.0
308055,225000.0,2008804.5,55372.5,2.0,-14379.0,-1058.0,-3884.0,-3884.0
276931,157500.0,398016.0,42993.0,3.0,-11116.0,-176.0,-4500.0,-3371.0
114001,112500.0,1125000.0,36292.5,3.0,-8350.0,-1675.0,-2885.0,-668.0
353717,292500.0,675000.0,33750.0,2.0,-18346.0,-186.0,-4299.0,-1775.0
319362,135000.0,545040.0,26640.0,3.0,-11585.0,-2245.0,-371.0,-4042.0
198363,247500.0,922500.0,27103.5,1.0,-19093.0,365243.0,-821.0,-2621.0
438250,180000.0,629325.0,24624.0,2.0,-22081.0,365243.0,-83.0,-3967.0
152550,157500.0,450000.0,23107.5,2.0,-13120.0,365243.0,-641.0,-646.0
306546,135000.0,254700.0,25191.0,2.0,-24647.0,-4344.0,-619.0,-4601.0
277160,261000.0,1235587.5,40963.5,2.0,-21294.0,-12183.0,-7326.0,-4639.0
416963,337500.0,1431000.0,56749.5,2.0,-17302.0,-4522.0,-360.0,-842.0
254687,202500.0,492862.5,24102.0,2.0,-14823.0,-3513.0,-7356.0,-5267.0
450507,270000.0,1258650.0,53325.0,1.0,-21233.0,-10608.0,-2046.0,-4566.0
391904,90000.0,521280.0,25209.0,2.0,-21484.0,365243.0,-6068.0,-4937.0
260881,315000.0,835605.0,24430.5,2.0,-17366.0,365243.0,-9947.0,-915.0
210546,112500.0,158301.0,15786.0,2.0,-24651.0,365243.0,-2934.0,-5873.0
361752,90000.0,147888.0,11812.5,2.0,-21039.0,-1695.0,-1328.0,-878.0
456246,94500.0,225000.0,10620.0,3.0,-16063.0,-8736.0,-8672.0,-4531.0
262314,112500.0,360000.0,26325.0,1.0,-10825.0,-1230.0,-639.0,-648.0
449623,99000.0,381528.0,13833.0,3.0,-11696.0,-3141.0,-5696.0,-4091.0
387549,112500.0,90000.0,9450.0,3.0,-10956.0,-2710.0,-3474.0,-2732.0
348218,154282.5,765000.0,20308.5,2.0,-20512.0,-1232.0,-7440.0,-2731.0
125466,225000.0,2013840.0,55507.5,4.0,-11800.0,-4796.0,-444.0,-4069.0
336650,157500.0,225000.0,21919.5,1.0,-24050.0,365243.0,-754.0,-744.0
165091,90000.0,180000.0,10179.0,2.0,-21738.0,365243.0,-3323.0,-5213.0
420499,427500.0,972000.0,28548.0,1.0,-20676.0,365243.0,-3213.0,-4234.0
403122,90000.0,339948.0,26824.5,4.0,-15172.0,-470.0,-489.0,-4404.0
439082,135000.0,675000.0,24376.5,2.0,-20292.0,-2309.0,-3666.0,-3655.0
252515,135000.0,321574.5,11677.5,2.0,-19434.0,-4289.0,-388.0,-2955.0
445548,180000.0,528633.0,39654.0,1.0,-18197.0,-10305.0,-8434.0,-1694.0
321353,135000.0,382500.0,27963.0,3.0,-8450.0,-507.0,-2737.0,-1119.0
432637,85500.0,670500.0,19602.0,2.0,-23333.0,365243.0,-6901.0,-4867.0
141484,180000.0,755190.0,36459.0,2.0,-22363.0,365243.0,-897.0,-2991.0
416462,202500.0,57564.0,6327.0,4.0,-13031.0,-434.0,-5368.0,-4774.0
374948,256500.0,1350000.0,39604.5,2.0,-20504.0,-1702.0,-2815.0,-3259.0
429184,139500.0,808650.0,26217.0,2.0,-19536.0,365243.0,-4223.0,-2074.0
247955,306000.0,678456.0,22014.0,1.0,-21974.0,365243.0,-5822.0,-4717.0
266500,45000.0,163201.5,11605.5,2.0,-23540.0,365243.0,-4699.0,-4018.0
270340,180000.0,247500.0,11029.5,2.0,-16618.0,-1382.0,-8893.0,-172.0
325932,135000.0,450000.0,22018.5,2.0,-13496.0,-2705.0,-3098.0,-5367.0
289242,90000.0,277969.5,17136.0,2.0,-16126.0,-8183.0,-8273.0,-4275.0
350923,180000.0,225000.0,24363.0,1.0,-10185.0,-2445.0,-3656.0,-2827.0
281994,81000.0,135000.0,12946.5,1.0,-22733.0,365243.0,-1158.0,-4231.0
337632,90000.0,545040.0,25407.0,2.0,-10381.0,-1660.0,-5597.0,-789.0
378675,67500.0,544491.0,17694.0,2.0,-20888.0,365243.0,-3675.0,-2372.0
415768,225000.0,713889.0,57366.0,2.0,-10614.0,-1797.0,-931.0,-1056.0
318699,90000.0,269550.0,19300.5,3.0,-16978.0,-1653.0,-3740.0,-520.0
135175,39600.0,215640.0,17064.0,3.0,-10845.0,-618.0,-2931.0,-104.0
177274,126000.0,592560.0,32274.0,2.0,-16625.0,-471.0,-10499.0,-180.0
439583,135000.0,544491.0,17694.0,2.0,-21635.0,365243.0,-9403.0,-4103.0
118738,360000.0,755190.0,36459.0,2.0,-17103.0,-1493.0,-1944.0,-655.0
203948,315000.0,1971072.0,68512.5,2.0,-12058.0,-300.0,-5533.0,-3517.0
305511,157500.0,543735.0,23166.0,1.0,-22912.0,-15687.0,-6727.0,-3818.0
444247,135000.0,490495.5,26262.0,2.0,-22059.0,365243.0,-5380.0,-4573.0
153807,90000.0,132444.0,13914.0,2.0,-10380.0,-204.0,-1382.0,-3029.0
421735,315000.0,830214.0,24403.5,3.0,-14235.0,-2601.0,-2485.0,-4427.0
275662,171000.0,1215000.0,35653.5,2.0,-14688.0,-2503.0,-2647.0,-2647.0
243928,112500.0,225000.0,15165.0,2.0,-11409.0,-2439.0,-5322.0,-3532.0
312514,117000.0,1123443.0,32845.5,2.0,-13468.0,-265.0,-1073.0,-4052.0
310860,112500.0,787131.0,26145.0,1.0,-10800.0,-2843.0,-100.0,-3467.0
158663,202500.0,610335.0,20299.5,1.0,-18244.0,-2419.0,-12297.0,-1785.0
212633,180000.0,540000.0,27571.5,1.0,-9272.0,-1272.0,-2336.0,-1068.0
354943,270000.0,1190340.0,66595.5,2.0,-17575.0,-1563.0,-5155.0,-1118.0
119936,90000.0,202500.0,10125.0,3.0,-17024.0,-3139.0,-3292.0,-562.0
101275,112500.0,900000.0,26316.0,2.0,-18880.0,-4075.0,-386.0,-2378.0
237276,121500.0,305221.5,14976.0,2.0,-9913.0,-1250.0,-2580.0,-2592.0
168434,180000.0,485640.0,31401.0,3.0,-13095.0,-1539.0,-896.0,-4561.0
330018,94500.0,115128.0,11344.5,2.0,-21741.0,365243.0,-9312.0,-4857.0
389348,315000.0,450000.0,30442.5,2.0,-19187.0,-1540.0,-4844.0,-2642.0
363558,135000.0,587619.0,17181.0,2.0,-22989.0,365243.0,-13811.0,-1595.0
251368,112500.0,298512.0,29524.5,1.0,-11141.0,-1772.0,-1258.0,-3808.0
130538,112500.0,225000.0,14679.0,1.0,-20991.0,365243.0,-9504.0,-4533.0
288163,220500.0,675000.0,53460.0,2.0,-14391.0,-2937.0,-8406.0,-5045.0
105898,135000.0,225000.0,16303.5,1.0,-12532.0,-1572.0,-5151.0,-1713.0
258618,96750.0,418743.0,26892.0,2.0,-16499.0,-353.0,-1056.0,-53.0
175751,202500.0,346500.0,16852.5,2.0,-15744.0,-640.0,-1500.0,-6037.0
284100,135000.0,497520.0,56263.5,4.0,-20662.0,-3637.0,-8625.0,-4016.0
418186,58500.0,355536.0,15790.5,2.0,-22705.0,365243.0,-4081.0,-4107.0
444734,180000.0,704178.0,39451.5,2.0,-20595.0,-11674.0,-7293.0,-3797.0
187444,225000.0,398016.0,31576.5,3.0,-14986.0,-796.0,-7722.0,-4618.0
446097,270000.0,622201.5,65466.0,1.0,-20690.0,365243.0,-7918.0,-4181.0
365209,36000.0,269550.0,13761.0,2.0,-21480.0,365243.0,-1153.0,-4738.0
250356,153000.0,450000.0,35685.0,2.0,-22796.0,365243.0,-3835.0,-4287.0
320992,112500.0,472500.0,17640.0,2.0,-20414.0,365243.0,-9994.0,-3853.0
124757,225000.0,1319269.5,38569.5,2.0,-21021.0,-14222.0,-8766.0,-4509.0
124496,157500.0,398016.0,22977.0,3.0,-10020.0,-2048.0,-1280.0,-1538.0
103435,67500.0,284400.0,19134.0,3.0,-9344.0,-920.0,-881.0,-993.0
256877,225000.0,747000.0,70924.5,2.0,-10740.0,-2067.0,-7097.0,-3387.0
167471,81000.0,118602.0,9441.0,4.0,-10871.0,-785.0,-3224.0,-3239.0
229961,90000.0,343800.0,16852.5,2.0,-19159.0,-10741.0,-5403.0,-2660.0
380770,112500.0,832500.0,24471.0,2.0,-17036.0,-7374.0,-9318.0,-567.0
363722,135000.0,339241.5,15943.5,4.0,-15537.0,-6567.0,-4115.0,-4119.0
100981,67500.0,312768.0,13774.5,2.0,-21516.0,365243.0,-10609.0,-4795.0
122504,121500.0,231813.0,16614.0,1.0,-23992.0,365243.0,-523.0,-4270.0
282539,36900.0,675000.0,20668.5,1.0,-20290.0,365243.0,-12434.0,-3615.0
227059,135000.0,841500.0,24732.0,3.0,-13924.0,-735.0,-8010.0,-5036.0
256624,83250.0,52128.0,6025.5,2.0,-18916.0,-804.0,-4364.0,-2463.0
206314,99000.0,675000.0,32602.5,1.0,-23722.0,365243.0,-8483.0,-4129.0
132244,225000.0,1773000.0,46899.0,2.0,-15755.0,-3033.0,-2505.0,-4723.0
113560,270000.0,444420.0,30195.0,3.0,-13218.0,-381.0,-7017.0,-769.0
428973,225000.0,808650.0,31464.0,2.0,-18803.0,-1455.0,-1438.0,-2320.0
334255,90000.0,270000.0,13500.0,3.0,-14709.0,-665.0,-6385.0,-4348.0
287323,64350.0,299772.0,9216.0,2.0,-21554.0,365243.0,-8593.0,-4589.0
162970,166500.0,337500.0,26793.0,2.0,-10591.0,-340.0,-4752.0,-1340.0
168052,157500.0,1436850.0,42142.5,2.0,-18997.0,-2320.0,-9175.0,-2526.0
173383,157500.0,450000.0,53406.0,5.0,-14880.0,-773.0,-5325.0,-4274.0
273752,135000.0,640080.0,31261.5,3.0,-18681.0,-469.0,-8784.0,-2224.0
255030,157500.0,270000.0,13500.0,1.0,-7838.0,-572.0,-7808.0,-492.0
440323,45000.0,585000.0,23197.5,2.0,-14851.0,-2670.0,-8102.0,-801.0
226462,202500.0,679266.0,21910.5,4.0,-13079.0,-224.0,-7210.0,-4112.0
368810,180000.0,1078200.0,31653.0,2.0,-19615.0,-4782.0,-11426.0,-3110.0
362867,45000.0,300735.0,14598.0,2.0,-21103.0,365243.0,-1533.0,-2688.0
371247,171000.0,284400.0,16456.5,2.0,-24794.0,-17522.0,-2503.0,-3990.0
310377,112500.0,267102.0,27499.5,2.0,-23360.0,365243.0,-156.0,-1140.0
307008,180000.0,512145.0,27913.5,2.0,-8488.0,-931.0,-3352.0,-1174.0
278873,135000.0,270000.0,13500.0,3.0,-13835.0,-1179.0,-5290.0,-4543.0
203321,135000.0,339241.5,16627.5,2.0,-12808.0,-911.0,-608.0,-4062.0
415937,292500.0,1174500.0,32427.0,2.0,-23621.0,365243.0,-3745.0,-4710.0
445426,202500.0,91647.0,8532.0,3.0,-12090.0,-842.0,-5599.0,-4165.0
222608,72000.0,105534.0,12654.0,3.0,-8868.0,-117.0,-2641.0,-864.0
328216,135000.0,180000.0,9000.0,3.0,-10874.0,-702.0,-9807.0,-3451.0
393422,112500.0,490500.0,20749.5,1.0,-17600.0,-2306.0,-877.0,-1028.0
124668,135000.0,247500.0,12375.0,2.0,-10857.0,-1295.0,-4467.0,-3514.0
110051,211500.0,619965.0,22774.5,3.0,-13069.0,-1741.0,-6754.0,-136.0
117095,202500.0,294322.5,23382.0,2.0,-10474.0,-2486.0,-4985.0,-3149.0
280277,180000.0,490495.5,49635.0,2.0,-15579.0,-2608.0,-7272.0,-4033.0
431310,157500.0,450000.0,22500.0,1.0,-14038.0,-2870.0,-3301.0,-4469.0
305203,225000.0,553630.5,43870.5,2.0,-14917.0,-222.0,-5130.0,-2900.0
184393,72000.0,199080.0,7632.0,2.0,-17269.0,-1175.0,-9604.0,-826.0
359874,137025.0,157500.0,8131.5,3.0,-13165.0,-325.0,-7241.0,-4191.0
202405,211500.0,508495.5,21541.5,2.0,-12105.0,-3845.0,-5814.0,-3488.0
441589,225000.0,477792.0,12730.5,2.0,-20414.0,-2694.0,-11182.0,-3900.0
111556,315000.0,927000.0,30766.5,3.0,-17096.0,-1359.0,-3388.0,-624.0
382023,81000.0,481176.0,24696.0,2.0,-17579.0,-1436.0,-5190.0,-1137.0
326573,135000.0,540000.0,30150.0,3.0,-11615.0,-3237.0,-5477.0,-4103.0
235111,70380.0,343377.0,18252.0,1.0,-14932.0,-1870.0,-6293.0,-5217.0
278413,135000.0,221031.0,15079.5,2.0,-13413.0,-2905.0,-7317.0,-3934.0
398533,135000.0,439074.0,21253.5,1.0,-10565.0,-1805.0,-5021.0,-3228.0
349755,180000.0,270000.0,13500.0,2.0,-8973.0,-632.0,-3561.0,-1642.0
198249,270000.0,900000.0,31887.0,2.0,-12171.0,-713.0,-1375.0,-2952.0
155503,162000.0,405000.0,20250.0,2.0,-21739.0,-119.0,-8419.0,-4170.0
136320,148500.0,273636.0,28863.0,3.0,-9973.0,-2391.0,-3751.0,-2280.0
368888,112500.0,135000.0,6696.0,3.0,-15189.0,-334.0,-2537.0,-2537.0
421370,135000.0,675000.0,34596.0,1.0,-20321.0,-1597.0,-4906.0,-3883.0
160481,76500.0,247500.0,12375.0,4.0,-13707.0,-521.0,-1100.0,-4595.0
381442,90000.0,125640.0,6543.0,2.0,-11713.0,-440.0,-5446.0,-4291.0
375791,72000.0,76752.0,7605.0,2.0,-20968.0,365243.0,-4745.0,-2723.0
437287,173250.0,808650.0,26217.0,1.0,-21497.0,365243.0,-9411.0,-4532.0
201015,180000.0,545040.0,26640.0,3.0,-18114.0,-2607.0,-213.0,-1537.0
324892,135000.0,781920.0,28215.0,2.0,-20159.0,365243.0,-8499.0,-3563.0
304844,315000.0,859500.0,27855.0,2.0,-18717.0,-3681.0,-3261.0,-2254.0
108270,157500.0,900000.0,26446.5,2.0,-22137.0,365243.0,-4100.0,-4100.0
291544,45000.0,675000.0,28728.0,3.0,-11304.0,-3998.0,-4784.0,-3648.0
355219,180000.0,970380.0,28372.5,2.0,-16205.0,-1767.0,-3644.0,-4857.0
102143,396000.0,1125171.0,48303.0,2.0,-15617.0,-2692.0,-156.0,-4386.0
142726,342000.0,888840.0,37494.0,1.0,-17319.0,-7201.0,-3268.0,-871.0
348968,117000.0,270000.0,13500.0,1.0,-7976.0,-1052.0,-3419.0,-656.0
111733,270000.0,868797.0,34587.0,2.0,-17701.0,-1132.0,-4002.0,-997.0
327586,292500.0,810000.0,40500.0,2.0,-18299.0,-2020.0,-351.0,-1835.0
305140,1800000.0,1350000.0,67500.0,2.0,-13918.0,-1024.0,-7952.0,-4602.0
127522,202500.0,1305000.0,36018.0,2.0,-20336.0,-9653.0,-1365.0,-3774.0
139969,81000.0,112500.0,6457.5,2.0,-19519.0,-6084.0,-11350.0,-2945.0
217356,112500.0,318528.0,19615.5,2.0,-21199.0,365243.0,-9103.0,-4229.0
279813,189000.0,469152.0,20007.0,2.0,-17809.0,-5703.0,-4830.0,-1351.0
319951,108000.0,1063413.0,38326.5,3.0,-15732.0,-95.0,-342.0,-851.0
214270,117000.0,149256.0,16074.0,1.0,-19119.0,-1686.0,-8322.0,-2650.0
137024,126000.0,1002726.0,29448.0,3.0,-11813.0,-74.0,-1815.0,-3921.0
273483,81000.0,208854.0,13725.0,2.0,-19630.0,-272.0,-12237.0,-3170.0
309703,382500.0,675000.0,33750.0,4.0,-13955.0,-144.0,-332.0,-5330.0
109090,135000.0,343800.0,13090.5,1.0,-11830.0,-1157.0,-478.0,-4489.0
281405,157500.0,900000.0,31887.0,2.0,-11949.0,-893.0,-5377.0,-2070.0
279762,283500.0,1327855.5,52789.5,2.0,-15354.0,-232.0,-4172.0,-4202.0
277041,76500.0,545040.0,20677.5,2.0,-19521.0,-4102.0,-5231.0,-2658.0
407720,112500.0,225000.0,15660.0,3.0,-10815.0,-2806.0,-4625.0,-3284.0
218931,202500.0,2517300.0,66532.5,1.0,-17136.0,-2309.0,-10478.0,-667.0
214306,144000.0,528633.0,21096.0,2.0,-21184.0,365243.0,-4667.0,-4534.0
107173,90000.0,278712.0,13122.0,1.0,-22378.0,365243.0,-9860.0,-4061.0
248130,202500.0,180000.0,9000.0,1.0,-10391.0,-563.0,-4043.0,-3068.0
183781,193500.0,755190.0,28894.5,1.0,-12358.0,-1380.0,-1071.0,-4696.0
183970,180000.0,755190.0,36328.5,2.0,-17485.0,-2857.0,-1903.0,-1019.0
225809,225000.0,545040.0,25537.5,3.0,-13125.0,-6175.0,-5340.0,-2443.0
221713,157500.0,640080.0,31261.5,2.0,-10353.0,-447.0,-4809.0,-3023.0
111829,202500.0,808650.0,26217.0,3.0,-14223.0,-290.0,-7613.0,-4436.0
220470,180000.0,312768.0,23022.0,4.0,-14326.0,-239.0,-1587.0,-1626.0
436024,153000.0,1006920.0,42790.5,2.0,-13832.0,-721.0,-2456.0,-4304.0
189880,112500.0,206280.0,9747.0,3.0,-17259.0,-731.0,-1699.0,-785.0
413009,675000.0,592560.0,30384.0,1.0,-16678.0,-1481.0,-1830.0,-221.0
293962,112500.0,269550.0,21739.5,4.0,-15351.0,-675.0,-1819.0,-4849.0
236572,216000.0,684738.0,22086.0,2.0,-10523.0,-2720.0,-4766.0,-647.0
131835,315000.0,485640.0,38938.5,2.0,-10735.0,-2638.0,-4285.0,-3342.0
376394,139500.0,797557.5,26487.0,2.0,-22080.0,365243.0,-12632.0,-4101.0
140213,90000.0,808650.0,23773.5,2.0,-22944.0,365243.0,-5262.0,-4699.0
382816,202500.0,1267155.0,53685.0,1.0,-20479.0,-139.0,-11725.0,-3831.0
416811,180000.0,219870.0,12055.5,2.0,-15020.0,-4836.0,-4323.0,-2105.0
436372,180000.0,990000.0,28944.0,2.0,-15298.0,-4556.0,-7886.0,-1227.0
340161,103500.0,675000.0,32602.5,2.0,-18543.0,-1213.0,-9014.0,-1991.0
183819,135000.0,733176.0,23652.0,2.0,-16742.0,-2069.0,-10767.0,-259.0
267424,74250.0,76410.0,7573.5,4.0,-15124.0,-1051.0,-2760.0,-4720.0
408765,225000.0,746280.0,41670.0,2.0,-15003.0,365243.0,-3114.0,-4490.0
346907,202500.0,378180.0,10102.5,4.0,-13173.0,365243.0,-1849.0,-4162.0
185471,157500.0,414792.0,18873.0,2.0,-16286.0,-2580.0,-8881.0,-4338.0
146841,112500.0,180000.0,9000.0,3.0,-17877.0,-355.0,-7293.0,-1393.0
288377,166500.0,284400.0,17527.5,2.0,-23830.0,365243.0,-12681.0,-4383.0
432623,90000.0,360000.0,40846.5,3.0,-11019.0,-394.0,-8238.0,-1532.0
197407,135000.0,900000.0,26316.0,2.0,-9934.0,-489.0,-331.0,-2622.0
247281,135000.0,450000.0,32877.0,3.0,-9188.0,-817.0,-7628.0,-603.0
420245,157500.0,604152.0,30978.0,2.0,-13069.0,-3920.0,-3156.0,-3541.0
160704,135000.0,225000.0,6066.0,3.0,-10969.0,-2655.0,-5396.0,-3547.0
405703,225000.0,545040.0,35617.5,2.0,-10461.0,-124.0,-2346.0,-3129.0
333549,202500.0,269550.0,11547.0,2.0,-24079.0,365243.0,-9934.0,-3927.0
137009,135000.0,781920.0,28215.0,1.0,-23477.0,365243.0,-5261.0,-4711.0
342562,157500.0,1436850.0,42142.5,1.0,-9385.0,-1868.0,-4216.0,-2055.0
233740,126000.0,508495.5,23692.5,2.0,-12825.0,-3747.0,-721.0,-3215.0
375650,225000.0,545040.0,26640.0,5.0,-13226.0,-3373.0,-663.0,-1876.0
354190,112500.0,1049746.5,33088.5,1.0,-22989.0,365243.0,-98.0,-4882.0
368521,112500.0,746626.5,24804.0,1.0,-22152.0,-807.0,-5463.0,-2453.0
211124,76500.0,225000.0,13045.5,1.0,-23969.0,-1575.0,-1684.0,-92.0
332928,225000.0,772686.0,25056.0,7.0,-18554.0,-280.0,-9307.0,-1990.0
243600,58500.0,454500.0,14661.0,2.0,-16225.0,-2379.0,-5846.0,-1064.0
173489,81000.0,254700.0,14350.5,1.0,-20032.0,365243.0,-3793.0,-3556.0
325991,112500.0,85320.0,5683.5,2.0,-10731.0,-521.0,-524.0,-3160.0
195899,72000.0,545040.0,26640.0,3.0,-17802.0,-1021.0,-2707.0,-1344.0
180771,315000.0,1027327.5,40873.5,2.0,-11924.0,-2456.0,-5240.0,-3887.0
451312,90000.0,254700.0,14350.5,2.0,-23821.0,365243.0,-10606.0,-4506.0
307035,135000.0,544491.0,17694.0,3.0,-11658.0,-1399.0,-5241.0,-4002.0
143111,270000.0,450000.0,27324.0,2.0,-20386.0,-91.0,-2980.0,-3624.0
100994,112500.0,888840.0,29376.0,1.0,-20071.0,-1689.0,-4870.0,-3351.0
232136,292500.0,1024740.0,52452.0,2.0,-11712.0,-1399.0,-3342.0,-994.0
294865,225000.0,518562.0,25078.5,2.0,-16601.0,-2859.0,-9335.0,-146.0
203272,337500.0,1260000.0,47992.5,2.0,-17136.0,-1350.0,-11174.0,-647.0
294294,90000.0,675000.0,21775.5,2.0,-19262.0,-1072.0,-8622.0,-2722.0
362307,144000.0,1258650.0,56277.0,2.0,-22432.0,365243.0,-4039.0,-4795.0
381123,180000.0,697500.0,20524.5,3.0,-18484.0,-2349.0,-2991.0,-2029.0
282452,135000.0,314100.0,16164.0,2.0,-16501.0,-1464.0,-3680.0,-41.0
131121,97915.5,122256.0,13162.5,1.0,-19938.0,-385.0,-2346.0,-208.0
258736,135000.0,781920.0,36364.5,1.0,-21852.0,365243.0,-19660.0,-4388.0
203711,180000.0,1107981.0,29358.0,2.0,-21839.0,365243.0,-7446.0,-2430.0
